dimension,node,component,value
F1,10.59.212.142,0,0.0000
F1,10.59.212.142,1,0.0009
F1,10.59.21.10,0,0.0000
F1,10.59.21.10,1,0.0009
F1,10.59.212.181,0,0.0000
F1,10.59.212.181,1,0.0009
F1,10.59.43.197,0,2.7884e-07
F1,10.59.43.197,1,0.0000
F1,10.59.174.126,0,-0.0010
F1,10.59.174.126,1,-0.0000
F1,10.59.174.123,0,-0.0010
F1,10.59.174.123,1,-0.0000
F1,10.59.212.44,0,6.9820e-06
F1,10.59.212.44,1,0.0006
F1,10.59.212.201,0,3.4215e-06
F1,10.59.212.201,1,0.0003
F1,10.59.174.201,0,-0.0010
F1,10.59.174.201,1,-0.0000
F1,10.59.207.16,0,2.9016e-06
F1,10.59.207.16,1,0.0003
F1,10.59.174.29,0,-0.0014
F1,10.59.174.29,1,8.0253e-06
F1,10.59.45.245,0,0.0000
F1,10.59.45.245,1,0.0009
F1,10.59.174.245,0,-0.0014
F1,10.59.174.245,1,-0.0000
F1,10.59.174.170,0,-0.0007
F1,10.59.174.170,1,-0.0000
F1,10.59.223.66,0,0.0000
F1,10.59.223.66,1,0.0010
F1,10.59.174.4,0,-0.0010
F1,10.59.174.4,1,-0.0000
F1,10.59.231.201,0,-0.0001
F1,10.59.231.201,1,0.0009
F1,10.59.137.202,0,1.0305e-06
F1,10.59.137.202,1,0.0001
F1,10.59.174.110,0,-0.0010
F1,10.59.174.110,1,-0.0000
F1,10.59.174.228,0,-0.0010
F1,10.59.174.228,1,-0.0000
F1,10.59.174.224,0,-0.0010
F1,10.59.174.224,1,-0.0000
F1,10.59.174.2,0,-0.0010
F1,10.59.174.2,1,-0.0000
F1,10.59.174.220,0,-0.0010
F1,10.59.174.220,1,-0.0000
F1,10.59.174.143,0,-0.0010
F1,10.59.174.143,1,-0.0000
F1,10.59.223.85,0,0.0000
F1,10.59.223.85,1,0.0011
F1,10.59.174.177,0,-0.0010
F1,10.59.174.177,1,-0.0000
F1,10.59.137.72,0,0.0000
F1,10.59.137.72,1,0.0009
F1,10.59.137.187,0,3.0941e-06
F1,10.59.137.187,1,0.0002
F1,10.59.126.75,0,2.4389e-06
F1,10.59.126.75,1,0.0002
F1,10.59.174.118,0,-0.0010
F1,10.59.174.118,1,-0.0000
F1,10.59.174.81,0,-0.0011
F1,10.59.174.81,1,-0.0000
F1,10.59.174.13,0,-0.0010
F1,10.59.174.13,1,-0.0000
F1,10.59.174.14,0,-0.0010
F1,10.59.174.14,1,-0.0000
F1,10.59.174.157,0,-0.0010
F1,10.59.174.157,1,-0.0000
F1,10.59.174.62,0,-0.0014
F1,10.59.174.62,1,0.0001
F1,10.59.45.43,0,2.4348e-07
F1,10.59.45.43,1,7.5164e-06
F1,10.59.137.92,0,-0.0000
F1,10.59.137.92,1,0.0000
F1,10.59.45.122,0,0.0000
F1,10.59.45.122,1,0.0009
F1,10.59.179.124,0,3.2573e-06
F1,10.59.179.124,1,0.0006
F1,10.59.43.118,0,0.0000
F1,10.59.43.118,1,0.0010
F1,10.59.34.123,0,8.0672e-08
F1,10.59.34.123,1,5.8258e-06
F1,10.59.45.221,0,-0.0010
F1,10.59.45.221,1,0.0001
F1,10.59.255.220,0,5.9998e-07
F1,10.59.255.220,1,0.0000
F1,10.59.212.16,0,0.0000
F1,10.59.212.16,1,0.0009
F1,10.59.174.16,0,-0.0010
F1,10.59.174.16,1,-0.0000
F1,10.59.174.115,0,-0.0010
F1,10.59.174.115,1,-0.0000
F1,10.59.174.121,0,-0.0010
F1,10.59.174.121,1,-0.0000
F1,10.59.146.157,0,-0.0010
F1,10.59.146.157,1,-0.0000
F1,10.59.22.149,0,4.0881e-06
F1,10.59.22.149,1,0.0003
F1,10.59.174.187,0,-0.0009
F1,10.59.174.187,1,0.0009
F1,10.59.137.78,0,3.2782e-06
F1,10.59.137.78,1,0.0001
F1,10.59.207.157,0,5.3025e-07
F1,10.59.207.157,1,0.0000
F1,10.59.231.16,0,2.2393e-06
F1,10.59.231.16,1,0.0001
F1,10.59.126.220,0,1.4449e-06
F1,10.59.126.220,1,0.0001
F1,10.59.146.4,0,1.9338e-06
F1,10.59.146.4,1,0.0001
F1,10.59.223.216,0,1.7640e-08
F1,10.59.223.216,1,3.7435e-07
F1,10.59.253.123,0,5.3135e-09
F1,10.59.253.123,1,3.0324e-07
F1,10.59.126.7,0,2.2028e-06
F1,10.59.126.7,1,0.0001
F1,10.59.126.82,0,0.0000
F1,10.59.126.82,1,0.0007
F1,10.59.126.110,0,9.3399e-06
F1,10.59.126.110,1,0.0007
F1,10.59.126.174,0,6.6977e-06
F1,10.59.126.174,1,0.0005
F1,10.59.253.121,0,0.
F1,10.59.253.121,1,0.
F1,10.59.174.218,0,-0.0008
F1,10.59.174.218,1,-0.0000
F1,10.59.21.85,0,6.8665e-08
F1,10.59.21.85,1,2.3436e-06
F1,10.59.126.142,0,2.4988e-06
F1,10.59.126.142,1,0.0002
F1,10.59.174.227,0,-0.0010
F1,10.59.174.227,1,-0.0000
F1,10.59.216.204,0,1.6037e-06
F1,10.59.216.204,1,0.0000
F1,10.59.126.152,0,7.5394e-06
F1,10.59.126.152,1,0.0005
F1,10.59.137.151,0,5.0925e-06
F1,10.59.137.151,1,0.0009
F1,10.59.120.177,0,3.9048e-06
F1,10.59.120.177,1,0.0003
F1,10.59.212.2,0,1.4340e-06
F1,10.59.212.2,1,0.0001
F1,10.59.216.48,0,1.7813e-06
F1,10.59.216.48,1,0.0000
F1,10.59.174.45,0,-0.0010
F1,10.59.174.45,1,-0.0000
F1,10.59.174.75,0,-0.0010
F1,10.59.174.75,1,-0.0000
F1,10.59.181.30,0,6.7922e-06
F1,10.59.181.30,1,0.0005
F1,10.59.223.12,0,1.4263e-06
F1,10.59.223.12,1,0.0001
F1,10.59.253.157,0,0.
F1,10.59.253.157,1,0.
F1,10.59.126.187,0,9.5354e-06
F1,10.59.126.187,1,0.0007
F1,10.59.126.247,0,9.8864e-06
F1,10.59.126.247,1,0.0007
F1,10.59.174.194,0,-0.0000
F1,10.59.174.194,1,0.0001
F1,10.59.126.124,0,3.7549e-06
F1,10.59.126.124,1,0.0007
F1,10.59.126.184,0,3.6486e-06
F1,10.59.126.184,1,0.0006
F1,10.59.45.139,0,-0.0000
F1,10.59.45.139,1,0.0000
F1,10.59.253.10,0,0.0000
F1,10.59.253.10,1,0.0007
F1,10.59.223.45,0,-0.0000
F1,10.59.223.45,1,0.0001
F1,10.59.126.118,0,9.5901e-06
F1,10.59.126.118,1,0.0007
F1,10.59.181.8,0,1.9533e-06
F1,10.59.181.8,1,0.0002
F1,10.59.126.30,0,9.6908e-06
F1,10.59.126.30,1,0.0007
F1,10.59.36.142,0,0.
F1,10.59.36.142,1,0.
F1,10.59.137.131,0,-0.0000
F1,10.59.137.131,1,0.0001
F1,10.59.181.79,0,9.9527e-07
F1,10.59.181.79,1,0.0001
F1,10.59.45.5,0,1.9495e-09
F1,10.59.45.5,1,6.0238e-08
F1,10.59.126.122,0,9.8402e-06
F1,10.59.126.122,1,0.0007
F1,10.59.126.149,0,7.3075e-06
F1,10.59.126.149,1,0.0005
F1,10.59.126.125,0,7.4595e-06
F1,10.59.126.125,1,0.0005
F1,10.59.181.247,0,4.4373e-06
F1,10.59.181.247,1,0.0003
F1,10.59.181.185,0,1.3156e-07
F1,10.59.181.185,1,0.0000
F1,10.59.148.187,0,7.1341e-08
F1,10.59.148.187,1,3.0660e-06
F1,10.59.126.4,0,8.2972e-06
F1,10.59.126.4,1,0.0006
F1,10.59.253.58,0,-0.0000
F1,10.59.253.58,1,0.0001
F1,10.59.180.131,0,8.0684e-08
F1,10.59.180.131,1,5.8063e-06
F1,10.59.223.133,0,5.3101e-06
F1,10.59.223.133,1,0.0004
F1,10.59.126.205,0,9.1295e-06
F1,10.59.126.205,1,0.0006
F1,10.59.126.143,0,8.1856e-06
F1,10.59.126.143,1,0.0006
F1,10.59.126.171,0,9.8694e-06
F1,10.59.126.171,1,0.0007
F1,10.59.126.129,0,8.9976e-06
F1,10.59.126.129,1,0.0006
F1,10.59.45.166,0,2.8953e-09
F1,10.59.45.166,1,8.9433e-08
F1,10.59.223.68,0,0.
F1,10.59.223.68,1,0.
F1,10.59.126.194,0,8.8176e-06
F1,10.59.126.194,1,0.0006
F1,10.59.179.30,0,7.3325e-06
F1,10.59.179.30,1,0.0006
F1,10.59.126.113,0,9.3983e-06
F1,10.59.126.113,1,0.0006
F1,10.59.212.105,0,1.2982e-07
F1,10.59.212.105,1,0.0000
F1,10.59.223.223,0,5.9351e-09
F1,10.59.223.223,1,1.8320e-07
F1,10.59.216.234,0,8.4735e-07
F1,10.59.216.234,1,0.0000
F1,10.59.223.168,0,4.9378e-08
F1,10.59.223.168,1,1.9661e-06
F1,10.59.216.208,0,6.8796e-07
F1,10.59.216.208,1,0.0000
F1,10.59.216.128,0,9.3949e-07
F1,10.59.216.128,1,0.0000
F1,10.59.231.85,0,4.5820e-07
F1,10.59.231.85,1,0.0000
F1,10.59.36.81,0,8.5300e-06
F1,10.59.36.81,1,0.0007
F1,10.59.45.98,0,4.6899e-09
F1,10.59.45.98,1,1.4489e-07
F1,10.59.223.137,0,-0.0000
F1,10.59.223.137,1,0.0001
F1,10.59.216.147,0,9.8808e-07
F1,10.59.216.147,1,0.0000
F1,10.59.43.103,0,-0.0000
F1,10.59.43.103,1,0.0000
F1,10.59.36.66,0,9.1028e-06
F1,10.59.36.66,1,0.0008
F1,10.59.216.130,0,0.
F1,10.59.216.130,1,0.
F1,10.59.223.192,0,7.6507e-11
F1,10.59.223.192,1,2.3641e-09
F1,10.59.207.13,0,-0.0001
F1,10.59.207.13,1,0.0009
F1,10.59.45.141,0,1.6346e-07
F1,10.59.45.141,1,6.8142e-06
F1,10.59.216.172,0,1.0446e-06
F1,10.59.216.172,1,0.0000
F1,10.59.229.220,0,1.2592e-06
F1,10.59.229.220,1,0.0001
F1,10.59.216.185,0,6.6961e-07
F1,10.59.216.185,1,0.0000
F1,10.59.181.107,0,7.2670e-06
F1,10.59.181.107,1,0.0006
F1,10.59.216.173,0,8.7297e-07
F1,10.59.216.173,1,0.0000
F1,10.59.181.227,0,2.9935e-06
F1,10.59.181.227,1,0.0003
F1,10.59.216.225,0,8.1860e-07
F1,10.59.216.225,1,0.0000
F1,10.59.126.45,0,4.5067e-06
F1,10.59.126.45,1,0.0003
F1,10.59.207.218,0,1.5421e-07
F1,10.59.207.218,1,0.0001
F1,10.59.212.121,0,7.9064e-07
F1,10.59.212.121,1,0.0001
F1,10.59.212.244,0,8.9574e-10
F1,10.59.212.244,1,2.7672e-08
F1,10.59.179.6,0,1.7316e-07
F1,10.59.179.6,1,0.0000
F1,10.59.36.115,0,1.2513e-07
F1,10.59.36.115,1,0.0000
F1,10.59.207.121,0,-0.0000
F1,10.59.207.121,1,2.7240e-06
F1,10.59.216.18,0,1.0751e-06
F1,10.59.216.18,1,0.0000
F1,10.59.216.8,0,1.3861e-06
F1,10.59.216.8,1,0.0000
F1,10.59.223.231,0,1.0457e-06
F1,10.59.223.231,1,0.0001
F1,10.59.22.124,0,2.0801e-06
F1,10.59.22.124,1,0.0002
F1,10.59.181.221,0,1.6979e-06
F1,10.59.181.221,1,0.0001
F1,10.59.36.246,0,0.
F1,10.59.36.246,1,0.
F1,10.59.207.220,0,2.8656e-06
F1,10.59.207.220,1,0.0001
F1,10.59.223.116,0,-0.0000
F1,10.59.223.116,1,0.0000
F1,10.59.43.12,0,2.4687e-06
F1,10.59.43.12,1,0.0002
F1,10.59.36.162,0,7.2929e-06
F1,10.59.36.162,1,0.0006
F1,10.59.181.242,0,1.1986e-06
F1,10.59.181.242,1,0.0001
F1,10.59.231.90,0,2.3066e-07
F1,10.59.231.90,1,9.7710e-06
F1,10.59.216.92,0,8.2780e-07
F1,10.59.216.92,1,0.0000
F1,10.59.137.35,0,1.2705e-07
F1,10.59.137.35,1,7.6798e-06
F1,10.59.216.139,0,9.0447e-07
F1,10.59.216.139,1,0.0000
F1,10.59.81.213,0,1.2445e-06
F1,10.59.81.213,1,0.0001
F1,10.59.216.233,0,1.2020e-06
F1,10.59.216.233,1,0.0000
F1,10.59.181.180,0,1.1864e-06
F1,10.59.181.180,1,0.0001
F1,10.59.45.75,0,7.5219e-11
F1,10.59.45.75,1,2.3244e-09
F1,10.59.216.254,0,8.7330e-07
F1,10.59.216.254,1,0.0000
F1,10.59.223.172,0,1.0451e-06
F1,10.59.223.172,1,0.0001
F1,10.59.36.180,0,-0.0000
F1,10.59.36.180,1,6.8972e-06
F1,10.59.137.222,0,3.2042e-07
F1,10.59.137.222,1,0.0000
F1,10.59.216.181,0,8.9361e-07
F1,10.59.216.181,1,0.0000
F1,10.59.223.147,0,-0.0000
F1,10.59.223.147,1,0.0000
F1,10.59.137.209,0,1.6543e-07
F1,10.59.137.209,1,0.0000
F1,10.59.223.16,0,3.2284e-06
F1,10.59.223.16,1,0.0003
F1,10.59.45.65,0,1.0706e-10
F1,10.59.45.65,1,3.3082e-09
F1,10.59.166.157,0,1.1779e-06
F1,10.59.166.157,1,0.0001
F1,10.59.253.154,0,1.5477e-07
F1,10.59.253.154,1,0.0000
F1,10.59.36.181,0,1.1914e-06
F1,10.59.36.181,1,0.0001
F1,10.59.45.188,0,1.5215e-06
F1,10.59.45.188,1,0.0001
F1,10.59.166.121,0,9.7756e-07
F1,10.59.166.121,1,0.0001
F1,10.59.43.214,0,9.6330e-07
F1,10.59.43.214,1,0.0001
F1,10.59.56.187,0,1.4103e-08
F1,10.59.56.187,1,2.2249e-07
F1,10.59.20.191,0,0.
F1,10.59.20.191,1,0.
F1,10.59.223.128,0,1.9159e-06
F1,10.59.223.128,1,0.0002
F1,10.59.36.96,0,0.
F1,10.59.36.96,1,0.
F1,10.59.166.177,0,1.3693e-06
F1,10.59.166.177,1,0.0001
F1,10.59.216.85,0,1.8710e-06
F1,10.59.216.85,1,0.0000
F1,10.59.216.166,0,8.8786e-07
F1,10.59.216.166,1,0.0000
F1,10.59.180.25,0,4.5968e-07
F1,10.59.180.25,1,0.0000
F1,10.59.166.228,0,5.0949e-06
F1,10.59.166.228,1,0.0004
F1,10.59.212.7,0,6.5634e-08
F1,10.59.212.7,1,5.3419e-06
F1,10.59.137.140,0,3.3528e-06
F1,10.59.137.140,1,0.0003
F1,10.59.81.75,0,5.6649e-07
F1,10.59.81.75,1,0.0000
F1,10.59.180.187,0,2.0021e-07
F1,10.59.180.187,1,0.0000
F1,10.59.215.120,0,6.0593e-07
F1,10.59.215.120,1,0.0000
F1,10.59.223.159,0,0.
F1,10.59.223.159,1,0.
F1,10.59.180.181,0,1.3817e-06
F1,10.59.180.181,1,0.0001
F1,10.59.216.167,0,1.0364e-06
F1,10.59.216.167,1,0.0000
F1,10.59.166.16,0,5.8872e-07
F1,10.59.166.16,1,0.0000
F1,10.59.216.41,0,7.9538e-07
F1,10.59.216.41,1,0.0000
F1,10.59.181.62,0,2.8365e-06
F1,10.59.181.62,1,0.0002
F1,10.59.231.170,0,8.9129e-07
F1,10.59.231.170,1,0.0001
F1,10.59.56.103,0,2.4251e-06
F1,10.59.56.103,1,0.0002
F1,10.59.181.233,0,7.9776e-07
F1,10.59.181.233,1,0.0001
F1,10.59.216.239,0,1.0046e-06
F1,10.59.216.239,1,0.0000
F1,10.59.181.206,0,2.4648e-07
F1,10.59.181.206,1,0.0000
F1,10.59.216.197,0,4.5494e-07
F1,10.59.216.197,1,8.0588e-06
F1,10.59.216.255,0,9.7420e-07
F1,10.59.216.255,1,0.0000
F1,10.59.223.26,0,1.4148e-07
F1,10.59.223.26,1,4.3669e-06
F1,10.59.223.186,0,3.1776e-07
F1,10.59.223.186,1,0.0000
F1,10.59.171.218,0,3.1701e-06
F1,10.59.171.218,1,0.0002
F1,10.59.81.81,0,4.7307e-07
F1,10.59.81.81,1,0.0000
F1,10.59.137.161,0,-0.0000
F1,10.59.137.161,1,0.0000
F1,10.59.20.14,0,0.
F1,10.59.20.14,1,0.
F1,10.59.223.28,0,7.5700e-07
F1,10.59.223.28,1,0.0001
F1,10.59.137.53,0,1.5836e-07
F1,10.59.137.53,1,0.0000
F1,10.59.223.31,0,3.3998e-08
F1,10.59.223.31,1,7.0907e-07
F1,10.59.223.59,0,3.8992e-07
F1,10.59.223.59,1,0.0000
F1,10.59.223.247,0,0.
F1,10.59.223.247,1,0.
F1,10.59.216.124,0,0.
F1,10.59.216.124,1,0.
F1,10.59.45.224,0,3.8599e-07
F1,10.59.45.224,1,0.0000
F1,10.59.180.88,0,0.
F1,10.59.180.88,1,0.
F1,10.59.22.245,0,2.5044e-07
F1,10.59.22.245,1,0.0000
F1,10.59.141.201,0,1.9504e-07
F1,10.59.141.201,1,0.0000
F1,10.59.216.210,0,5.1298e-07
F1,10.59.216.210,1,0.0000
F1,10.59.212.30,0,1.5926e-08
F1,10.59.212.30,1,4.9162e-07
F1,10.59.181.106,0,3.0417e-06
F1,10.59.181.106,1,0.0002
F1,10.59.212.56,0,3.4294e-10
F1,10.59.212.56,1,1.0598e-08
F1,10.59.216.202,0,9.3230e-07
F1,10.59.216.202,1,0.0000
F1,10.59.43.121,0,2.3908e-07
F1,10.59.43.121,1,0.0000
F1,10.59.126.90,0,7.0772e-07
F1,10.59.126.90,1,0.0000
F1,10.59.216.119,0,1.0285e-06
F1,10.59.216.119,1,0.0000
F1,10.59.36.82,0,-0.0000
F1,10.59.36.82,1,4.9083e-07
F1,10.59.181.16,0,2.3064e-08
F1,10.59.181.16,1,3.8854e-06
F1,10.59.229.194,0,2.1024e-07
F1,10.59.229.194,1,0.0000
F1,10.59.207.194,0,-0.0000
F1,10.59.207.194,1,0.0000
F1,10.59.137.77,0,7.6449e-11
F1,10.59.137.77,1,2.3605e-09
F1,10.59.174.199,0,1.0125e-09
F1,10.59.174.199,1,3.1254e-08
F1,10.59.181.204,0,7.4072e-08
F1,10.59.181.204,1,5.5325e-06
F1,10.59.181.51,0,2.3209e-07
F1,10.59.181.51,1,0.0000
F1,10.59.253.170,0,-0.0000
F1,10.59.253.170,1,-0.0000
F1,10.59.45.108,0,2.7436e-07
F1,10.59.45.108,1,0.0000
F1,10.59.126.218,0,1.1661e-06
F1,10.59.126.218,1,0.0001
F1,10.59.20.92,0,0.
F1,10.59.20.92,1,0.
F1,10.59.216.206,0,1.0011e-06
F1,10.59.216.206,1,0.0000
F1,10.59.45.180,0,2.1522e-07
F1,10.59.45.180,1,0.0000
F1,10.59.181.160,0,1.1823e-06
F1,10.59.181.160,1,0.0001
F1,10.59.223.220,0,1.9851e-12
F1,10.59.223.220,1,5.6155e-11
F1,10.59.126.151,0,1.6929e-08
F1,10.59.126.151,1,3.0900e-07
F1,10.59.137.98,0,1.6339e-06
F1,10.59.137.98,1,0.0001
F1,10.59.181.77,0,2.3029e-06
F1,10.59.181.77,1,0.0002
F1,10.59.253.177,0,1.5885e-09
F1,10.59.253.177,1,8.8860e-08
F1,10.59.223.194,0,-0.0000
F1,10.59.223.194,1,0.0000
F1,10.59.166.2,0,2.9577e-07
F1,10.59.166.2,1,0.0000
F1,10.59.137.150,0,1.3911e-06
F1,10.59.137.150,1,0.0001
F1,10.59.45.59,0,2.0475e-07
F1,10.59.45.59,1,0.0000
F1,10.59.126.199,0,1.2493e-06
F1,10.59.126.199,1,0.0001
F1,10.59.216.72,0,6.6946e-07
F1,10.59.216.72,1,0.0000
F1,10.59.45.247,0,7.2814e-08
F1,10.59.45.247,1,5.5636e-06
F1,10.59.45.66,0,5.7808e-07
F1,10.59.45.66,1,0.0000
F1,10.59.137.220,0,1.4177e-07
F1,10.59.137.220,1,7.3567e-06
F1,10.59.179.51,0,4.0950e-07
F1,10.59.179.51,1,0.0000
F1,10.59.20.203,0,0.
F1,10.59.20.203,1,0.
F1,10.59.231.247,0,4.2199e-07
F1,10.59.231.247,1,0.0000
F1,10.59.181.45,0,9.7884e-07
F1,10.59.181.45,1,0.0001
F1,10.59.45.73,0,-0.0000
F1,10.59.45.73,1,1.5242e-07
F1,10.59.137.86,0,4.1501e-07
F1,10.59.137.86,1,0.0000
F1,10.59.22.194,0,3.5918e-07
F1,10.59.22.194,1,0.0000
F1,10.59.43.199,0,2.4397e-06
F1,10.59.43.199,1,0.0002
F1,10.59.137.192,0,7.5661e-08
F1,10.59.137.192,1,5.6324e-06
F1,10.59.223.67,0,7.7710e-08
F1,10.59.223.67,1,9.0597e-06
F1,10.59.137.11,0,2.1660e-08
F1,10.59.137.11,1,3.8384e-06
F1,10.59.255.81,0,-0.0000
F1,10.59.255.81,1,8.6853e-07
F1,10.59.137.14,0,2.9752e-07
F1,10.59.137.14,1,0.0000
F1,10.59.137.143,0,1.4583e-07
F1,10.59.137.143,1,8.2596e-06
F1,10.59.207.45,0,-0.0000
F1,10.59.207.45,1,0.0000
F1,10.59.181.2,0,6.5172e-07
F1,10.59.181.2,1,0.0001
F1,10.59.181.228,0,1.4340e-06
F1,10.59.181.228,1,0.0001
F1,10.59.43.11,0,9.2813e-08
F1,10.59.43.11,1,6.1808e-06
F1,10.59.20.39,0,0.
F1,10.59.20.39,1,0.
F1,10.59.126.16,0,9.9133e-08
F1,10.59.126.16,1,7.2599e-06
F1,10.59.21.124,0,-0.0000
F1,10.59.21.124,1,0.0000
F1,10.59.181.130,0,2.4892e-07
F1,10.59.181.130,1,0.0000
F1,10.59.181.152,0,6.6115e-08
F1,10.59.181.152,1,1.2087e-06
F1,10.59.137.191,0,3.2412e-07
F1,10.59.137.191,1,0.0000
F1,10.59.137.109,0,1.4864e-06
F1,10.59.137.109,1,0.0001
F1,10.59.137.254,0,-0.0000
F1,10.59.137.254,1,3.9296e-07
F1,10.59.56.54,0,0.
F1,10.59.56.54,1,0.
F1,10.59.56.86,0,5.4866e-07
F1,10.59.56.86,1,0.0000
F1,10.59.181.210,0,8.2756e-08
F1,10.59.181.210,1,0.0000
F1,10.59.223.103,0,3.8263e-08
F1,10.59.223.103,1,4.4972e-06
F1,10.59.255.121,0,2.0089e-07
F1,10.59.255.121,1,0.0000
F1,10.59.181.90,0,3.3238e-08
F1,10.59.181.90,1,6.0047e-07
F1,10.59.137.52,0,8.9488e-08
F1,10.59.137.52,1,6.0785e-06
F1,10.59.137.205,0,0.
F1,10.59.137.205,1,0.
F1,10.59.56.94,0,1.4202e-07
F1,10.59.56.94,1,6.1149e-06
F1,10.59.171.194,0,8.5788e-08
F1,10.59.171.194,1,5.9788e-06
F1,10.59.126.123,0,4.6380e-08
F1,10.59.126.123,1,1.8754e-06
F1,10.59.253.246,0,1.9332e-08
F1,10.59.253.246,1,3.9131e-06
F1,10.59.231.213,0,6.4809e-08
F1,10.59.231.213,1,1.1492e-06
F1,10.59.56.176,0,2.7733e-07
F1,10.59.56.176,1,0.0000
F1,10.59.181.218,0,3.3707e-08
F1,10.59.181.218,1,4.3590e-06
F1,10.59.223.19,0,-0.0000
F1,10.59.223.19,1,0.0000
F1,10.59.20.51,0,0.
F1,10.59.20.51,1,0.
F1,10.59.55.194,0,3.5187e-08
F1,10.59.55.194,1,1.5273e-06
F1,10.59.179.194,0,3.2478e-07
F1,10.59.179.194,1,0.0000
F1,10.59.216.15,0,2.2039e-07
F1,10.59.216.15,1,0.0000
F1,10.59.88.205,0,2.1660e-08
F1,10.59.88.205,1,3.8384e-06
F1,10.59.223.148,0,3.1842e-07
F1,10.59.223.148,1,0.0000
F1,10.59.22.14,0,8.1233e-08
F1,10.59.22.14,1,5.8234e-06
F1,10.59.255.30,0,-0.0000
F1,10.59.255.30,1,8.6878e-08
F1,10.59.45.92,0,7.3195e-08
F1,10.59.45.92,1,5.5780e-06
F1,10.59.56.100,0,1.0072e-07
F1,10.59.56.100,1,9.7531e-06
F1,10.59.223.41,0,-0.0000
F1,10.59.223.41,1,1.5382e-07
F1,10.59.137.21,0,1.6680e-09
F1,10.59.137.21,1,5.1483e-08
F1,10.59.137.249,0,-0.0000
F1,10.59.137.249,1,2.9931e-07
F1,10.59.223.176,0,9.6199e-09
F1,10.59.223.176,1,1.8350e-07
F1,10.59.181.72,0,2.3366e-08
F1,10.59.181.72,1,4.0457e-06
F1,10.59.223.250,0,1.1215e-09
F1,10.59.223.250,1,3.4618e-08
F1,10.59.180.75,0,2.0381e-07
F1,10.59.180.75,1,0.0000
F1,10.59.180.118,0,3.2276e-07
F1,10.59.180.118,1,0.0000
F1,10.59.137.74,0,1.5519e-09
F1,10.59.137.74,1,4.7904e-08
F1,10.59.216.164,0,5.5995e-08
F1,10.59.216.164,1,5.0601e-06
F1,10.59.34.62,0,1.0258e-07
F1,10.59.34.62,1,6.2833e-06
F1,10.59.207.170,0,2.1749e-07
F1,10.59.207.170,1,0.0000
F1,10.59.212.180,0,2.9770e-07
F1,10.59.212.180,1,0.0000
F1,10.59.56.57,0,1.9230e-07
F1,10.59.56.57,1,7.7059e-06
F1,10.59.181.231,0,1.6588e-07
F1,10.59.181.231,1,0.0000
F1,10.59.36.97,0,2.1115e-22
F1,10.59.36.97,1,4.0708e-21
F1,10.59.212.67,0,1.5654e-07
F1,10.59.212.67,1,0.0000
F1,10.59.181.226,0,6.1730e-08
F1,10.59.181.226,1,5.2290e-06
F1,10.59.229.15,0,3.8276e-07
F1,10.59.229.15,1,0.0000
F1,10.59.223.126,0,1.0387e-07
F1,10.59.223.126,1,6.0970e-06
F1,10.59.36.170,0,3.6671e-07
F1,10.59.36.170,1,0.0000
F1,10.59.223.252,0,-0.0000
F1,10.59.223.252,1,7.5351e-07
F1,10.59.45.229,0,9.6914e-08
F1,10.59.45.229,1,9.6304e-06
F1,10.59.53.194,0,4.9043e-07
F1,10.59.53.194,1,0.0000
F1,10.59.229.177,0,3.1490e-08
F1,10.59.229.177,1,4.0807e-06
F1,10.59.43.228,0,-0.0000
F1,10.59.43.228,1,2.3738e-07
F1,10.59.212.95,0,3.4694e-08
F1,10.59.212.95,1,6.3806e-07
F1,10.59.137.5,0,-0.0000
F1,10.59.137.5,1,3.5450e-06
F1,10.59.137.212,0,1.9267e-07
F1,10.59.137.212,1,0.0000
F1,10.59.253.42,0,7.2436e-08
F1,10.59.253.42,1,5.5483e-06
F1,10.59.207.75,0,3.2092e-07
F1,10.59.207.75,1,0.0000
F1,10.59.179.118,0,5.8112e-08
F1,10.59.179.118,1,5.1118e-06
F1,10.59.43.13,0,4.9702e-08
F1,10.59.43.13,1,4.8520e-06
F1,10.59.137.82,0,-0.0000
F1,10.59.137.82,1,0.0000
F1,10.59.240.121,0,5.2281e-08
F1,10.59.240.121,1,4.9294e-06
F1,10.59.45.142,0,1.0882e-07
F1,10.59.45.142,1,9.9916e-06
F1,10.59.43.141,0,1.6803e-07
F1,10.59.43.141,1,0.0000
F1,10.59.180.144,0,1.6334e-08
F1,10.59.180.144,1,2.9595e-07
F1,10.59.56.145,0,3.4725e-07
F1,10.59.56.145,1,0.0000
F1,10.59.181.58,0,4.0960e-07
F1,10.59.181.58,1,0.0000
F1,10.59.137.110,0,-0.0000
F1,10.59.137.110,1,2.0715e-06
F1,10.59.148.45,0,5.5849e-07
F1,10.59.148.45,1,0.0000
F1,10.59.43.247,0,2.9015e-07
F1,10.59.43.247,1,0.0000
F1,10.59.207.110,0,-0.0000
F1,10.59.207.110,1,3.8981e-07
F1,10.59.216.61,0,8.5788e-08
F1,10.59.216.61,1,5.9788e-06
F1,10.59.45.130,0,7.9727e-08
F1,10.59.45.130,1,5.7768e-06
F1,10.59.45.82,0,2.8780e-07
F1,10.59.45.82,1,0.0000
F1,10.59.171.81,0,7.0601e-08
F1,10.59.171.81,1,5.4977e-06
F1,10.59.166.201,0,1.2614e-07
F1,10.59.166.201,1,0.0000
F1,10.59.56.162,0,1.6779e-07
F1,10.59.56.162,1,0.0000
F1,10.59.137.34,0,-0.0000
F1,10.59.137.34,1,8.9712e-08
F1,10.59.137.186,0,-0.0000
F1,10.59.137.186,1,3.9327e-07
F1,10.59.81.143,0,4.5260e-23
F1,10.59.81.143,1,9.0328e-22
F1,10.59.56.3,0,7.3860e-08
F1,10.59.56.3,1,5.5986e-06
F1,10.59.56.61,0,4.7509e-08
F1,10.59.56.61,1,1.9085e-06
F1,10.59.181.29,0,4.2238e-07
F1,10.59.181.29,1,0.0000
F1,10.59.137.165,0,3.7207e-08
F1,10.59.137.165,1,1.5907e-06
F1,10.59.229.187,0,1.3402e-09
F1,10.59.229.187,1,2.2602e-08
F1,10.59.137.10,0,2.8113e-11
F1,10.59.137.10,1,8.6805e-10
F1,10.59.137.235,0,1.1550e-07
F1,10.59.137.235,1,0.0000
F1,10.59.229.118,0,8.0637e-08
F1,10.59.229.118,1,5.8247e-06
F1,10.59.56.132,0,3.7870e-07
F1,10.59.56.132,1,0.0000
F1,10.59.20.74,0,0.
F1,10.59.20.74,1,0.
F1,10.59.179.152,0,8.9488e-08
F1,10.59.179.152,1,6.0785e-06
F1,10.59.253.187,0,5.5995e-08
F1,10.59.253.187,1,5.0601e-06
F1,10.59.137.12,0,8.5788e-08
F1,10.59.137.12,1,5.9788e-06
F1,10.59.223.140,0,1.8497e-07
F1,10.59.223.140,1,0.0000
F1,10.59.45.9,0,1.0895e-07
F1,10.59.45.9,1,6.6809e-06
F1,10.59.45.161,0,2.9705e-08
F1,10.59.45.161,1,4.2335e-06
F1,10.59.56.203,0,1.7589e-07
F1,10.59.56.203,1,0.0000
F1,10.59.216.207,0,0.
F1,10.59.216.207,1,0.
F1,10.59.223.177,0,3.7207e-08
F1,10.59.223.177,1,1.5907e-06
F1,10.59.45.42,0,7.2786e-10
F1,10.59.45.42,1,2.2476e-08
F1,10.59.240.45,0,1.3114e-08
F1,10.59.240.45,1,3.7209e-06
F1,10.59.181.201,0,7.8273e-08
F1,10.59.181.201,1,5.5256e-06
F1,10.59.56.213,0,7.2573e-08
F1,10.59.56.213,1,5.5563e-06
F1,10.59.21.199,0,-0.0000
F1,10.59.21.199,1,8.0565e-08
F1,10.59.231.228,0,3.2930e-08
F1,10.59.231.228,1,5.9100e-07
F1,10.59.53.16,0,4.4123e-12
F1,10.59.53.16,1,6.0163e-11
F1,10.59.137.246,0,1.4781e-07
F1,10.59.137.246,1,0.0000
F1,10.59.45.74,0,4.9918e-08
F1,10.59.45.74,1,8.1776e-06
F1,10.59.137.117,0,9.8417e-12
F1,10.59.137.117,1,3.0413e-10
F1,10.59.255.174,0,-0.0000
F1,10.59.255.174,1,2.4058e-07
F1,10.59.255.82,0,-0.0000
F1,10.59.255.82,1,9.6718e-08
F1,10.59.179.96,0,7.3826e-08
F1,10.59.179.96,1,5.6079e-06
F1,10.59.181.121,0,7.8356e-08
F1,10.59.181.121,1,5.7344e-06
F1,10.59.43.85,0,1.7648e-07
F1,10.59.43.85,1,0.0000
F1,10.59.81.13,0,3.3400e-08
F1,10.59.81.13,1,4.3469e-06
F1,10.59.137.243,0,3.3107e-08
F1,10.59.137.243,1,1.4659e-06
F1,10.59.137.60,0,1.4200e-07
F1,10.59.137.60,1,0.0000
F1,10.59.45.239,0,8.6553e-08
F1,10.59.45.239,1,5.9877e-06
F1,10.59.36.139,0,8.1040e-08
F1,10.59.36.139,1,5.6689e-06
F1,10.59.181.181,0,3.8106e-08
F1,10.59.181.181,1,7.5270e-06
F1,10.59.22.113,0,1.7599e-08
F1,10.59.22.113,1,3.7304e-07
F1,10.59.137.9,0,4.5236e-11
F1,10.59.137.9,1,1.3968e-09
F1,10.59.223.255,0,-0.0000
F1,10.59.223.255,1,3.1146e-07
F1,10.59.255.7,0,5.0092e-08
F1,10.59.255.7,1,9.0793e-07
F1,10.59.126.13,0,1.3786e-07
F1,10.59.126.13,1,0.0000
F1,10.59.137.58,0,1.0402e-07
F1,10.59.137.58,1,9.8434e-06
F1,10.59.180.73,0,9.4811e-08
F1,10.59.180.73,1,6.1729e-06
F1,10.59.137.167,0,1.3114e-08
F1,10.59.137.167,1,3.7209e-06
F1,10.59.171.16,0,2.6723e-08
F1,10.59.171.16,1,4.1410e-06
F1,10.59.212.78,0,1.3302e-07
F1,10.59.212.78,1,0.0000
F1,10.59.181.23,0,8.1547e-08
F1,10.59.181.23,1,5.8361e-06
F1,10.59.137.179,0,1.5219e-07
F1,10.59.137.179,1,0.0000
F1,10.59.180.113,0,7.9761e-08
F1,10.59.180.113,1,5.7910e-06
F1,10.59.223.90,0,2.1008e-07
F1,10.59.223.90,1,0.0000
F1,10.59.43.144,0,6.9203e-08
F1,10.59.43.144,1,5.4521e-06
F1,10.59.137.18,0,1.7528e-07
F1,10.59.137.18,1,0.0000
F1,10.59.223.152,0,7.1575e-08
F1,10.59.223.152,1,5.5256e-06
F1,10.59.58.123,0,7.4209e-09
F1,10.59.58.123,1,3.5445e-06
F1,10.59.36.13,0,-0.0000
F1,10.59.36.13,1,7.5905e-08
F1,10.59.255.2,0,3.0023e-08
F1,10.59.255.2,1,4.2452e-06
F1,10.59.36.157,0,7.3195e-08
F1,10.59.36.157,1,5.5780e-06
F1,10.59.216.77,0,7.3195e-08
F1,10.59.216.77,1,5.5780e-06
F1,10.59.137.59,0,8.2328e-08
F1,10.59.137.59,1,5.8573e-06
F1,10.59.43.60,0,-0.0000
F1,10.59.43.60,1,1.3791e-07
F1,10.59.137.163,0,-0.0000
F1,10.59.137.163,1,6.2664e-08
F1,10.59.20.136,0,0.
F1,10.59.20.136,1,0.
F1,10.59.81.30,0,6.4063e-08
F1,10.59.81.30,1,5.2960e-06
F1,10.59.55.254,0,-0.0000
F1,10.59.55.254,1,7.5185e-08
F1,10.59.180.143,0,8.4960e-08
F1,10.59.180.143,1,5.9340e-06
F1,10.59.181.137,0,7.1575e-08
F1,10.59.181.137,1,5.5256e-06
F1,10.59.223.134,0,-0.0000
F1,10.59.223.134,1,8.1739e-08
F1,10.59.212.102,0,1.0008e-07
F1,10.59.212.102,1,4.4163e-06
F1,10.59.223.98,0,1.4193e-07
F1,10.59.223.98,1,8.1436e-06
F1,10.59.181.50,0,1.5893e-08
F1,10.59.181.50,1,3.8110e-06
F1,10.59.216.55,0,0.
F1,10.59.216.55,1,0.
F1,10.59.56.248,0,7.4446e-08
F1,10.59.56.248,1,5.4079e-06
F1,10.59.181.25,0,4.9702e-08
F1,10.59.181.25,1,4.8520e-06
F1,10.59.181.102,0,2.3064e-08
F1,10.59.181.102,1,3.8854e-06
F1,10.59.126.250,0,5.1742e-08
F1,10.59.126.250,1,4.9081e-06
F1,10.59.45.168,0,8.0684e-08
F1,10.59.45.168,1,5.8063e-06
F1,10.59.45.217,0,1.7870e-10
F1,10.59.45.217,1,2.7769e-09
F1,10.59.36.206,0,2.7890e-08
F1,10.59.36.206,1,7.5049e-06
F1,10.59.181.126,0,6.7050e-08
F1,10.59.181.126,1,5.3990e-06
F1,10.59.36.212,0,1.0458e-07
F1,10.59.36.212,1,7.0010e-06
F1,10.59.45.249,0,8.0684e-08
F1,10.59.45.249,1,5.8063e-06
F1,10.59.137.214,0,3.7209e-14
F1,10.59.137.214,1,1.1499e-12
F1,10.59.93.123,0,-0.0000
F1,10.59.93.123,1,5.4768e-08
F1,10.59.137.237,0,8.6553e-08
F1,10.59.137.237,1,5.9877e-06
F1,10.59.180.123,0,7.6484e-08
F1,10.59.180.123,1,5.6806e-06
F1,10.59.45.44,0,1.7308e-07
F1,10.59.45.44,1,0.0000
F1,10.59.43.151,0,5.7839e-08
F1,10.59.43.151,1,8.1423e-06
F1,10.59.223.170,0,2.6641e-08
F1,10.59.223.170,1,1.2443e-06
F1,10.59.27.16,0,6.1305e-08
F1,10.59.27.16,1,5.2087e-06
F1,10.59.181.59,0,3.3043e-08
F1,10.59.181.59,1,4.3491e-06
F1,10.59.223.48,0,5.2281e-08
F1,10.59.223.48,1,4.9294e-06
F1,10.59.179.236,0,7.3826e-08
F1,10.59.179.236,1,5.6079e-06
F1,10.59.212.228,0,1.1835e-31
F1,10.59.212.228,1,3.6570e-30
F1,10.59.174.131,0,4.1638e-08
F1,10.59.174.131,1,1.7092e-06
F1,10.59.223.224,0,3.1329e-08
F1,10.59.223.224,1,4.2862e-06
F1,inter,0,0.
F1,inter,1,0.
F1,10.59.22.82,0,0.
F1,10.59.22.82,1,0.
F1,10.59.137.255,0,0.
F1,10.59.137.255,1,0.
F1,10.59.88.121,0,0.
F1,10.59.88.121,1,0.
F1,10.59.34.15,0,0.
F1,10.59.34.15,1,0.
F1,10.59.180.13,0,0.
F1,10.59.180.13,1,0.
F1,10.59.253.96,0,0.
F1,10.59.253.96,1,0.
F1,10.59.137.207,0,0.
F1,10.59.137.207,1,0.
F1,10.59.231.4,0,0.
F1,10.59.231.4,1,0.
F1,10.59.36.98,0,0.
F1,10.59.36.98,1,0.
F1,10.59.180.205,0,0.
F1,10.59.180.205,1,0.
F1,10.59.36.34,0,0.
F1,10.59.36.34,1,0.
F1,10.59.178.174,0,0.
F1,10.59.178.174,1,0.
F1,10.59.137.210,0,0.
F1,10.59.137.210,1,0.
F1,outer,0,0.
F1,outer,1,0.
F1,10.59.223.86,0,0.
F1,10.59.223.86,1,0.
F1,10.59.223.142,0,0.
F1,10.59.223.142,1,0.
F1,10.59.253.218,0,0.
F1,10.59.253.218,1,0.
F1,10.59.88.194,0,0.
F1,10.59.88.194,1,0.
F1,10.59.45.41,0,0.
F1,10.59.45.41,1,0.
F1,10.59.216.145,0,0.
F1,10.59.216.145,1,0.
F1,10.59.81.4,0,0.
F1,10.59.81.4,1,0.
F1,10.59.58.228,0,0.
F1,10.59.58.228,1,0.
F1,10.59.216.81,0,0.
F1,10.59.216.81,1,0.
F1,10.59.216.184,0,0.
F1,10.59.216.184,1,0.
F1,10.59.223.203,0,0.
F1,10.59.223.203,1,0.
F1,10.59.137.67,0,0.
F1,10.59.137.67,1,0.
F1,10.59.255.115,0,0.
F1,10.59.255.115,1,0.
F1,10.59.137.158,0,0.
F1,10.59.137.158,1,0.
F1,10.59.81.157,0,0.
F1,10.59.81.157,1,0.
F1,10.59.55.180,0,0.
F1,10.59.55.180,1,0.
F1,10.59.43.39,0,0.
F1,10.59.43.39,1,0.
F1,10.59.223.78,0,0.
F1,10.59.223.78,1,0.
F1,10.59.216.220,0,0.
F1,10.59.216.220,1,0.
F1,10.59.93.194,0,0.
F1,10.59.93.194,1,0.
F1,10.59.174.152,0,0.
F1,10.59.174.152,1,0.
F1,10.59.126.42,0,0.
F1,10.59.126.42,1,0.
F1,10.59.212.236,0,0.
F1,10.59.212.236,1,0.
F1,10.59.36.27,0,0.
F1,10.59.36.27,1,0.
F1,10.59.223.156,0,0.
F1,10.59.223.156,1,0.
F1,10.59.24.253,0,0.
F1,10.59.24.253,1,0.
F1,10.59.216.118,0,0.
F1,10.59.216.118,1,0.
F1,10.59.137.248,0,0.
F1,10.59.137.248,1,0.
F1,10.59.58.170,0,0.
F1,10.59.58.170,1,0.
F1,10.59.137.206,0,0.
F1,10.59.137.206,1,0.
F1,10.59.212.251,0,0.
F1,10.59.212.251,1,0.
F1,10.59.212.109,0,0.
F1,10.59.212.109,1,0.
F1,10.59.137.81,0,0.
F1,10.59.137.81,1,0.
F1,10.59.45.189,0,0.
F1,10.59.45.189,1,0.
F1,10.59.81.129,0,0.
F1,10.59.81.129,1,0.
F1,10.59.212.217,0,0.
F1,10.59.212.217,1,0.
F1,10.59.81.121,0,0.
F1,10.59.81.121,1,0.
F1,10.59.148.121,0,0.
F1,10.59.148.121,1,0.
F1,10.59.56.98,0,0.
F1,10.59.56.98,1,0.
F1,10.59.55.85,0,0.
F1,10.59.55.85,1,0.
F1,10.59.43.75,0,0.
F1,10.59.43.75,1,0.
F1,10.59.137.199,0,0.
F1,10.59.137.199,1,0.
F1,10.59.137.76,0,0.
F1,10.59.137.76,1,0.
F1,10.59.240.90,0,0.
F1,10.59.240.90,1,0.
F1,10.59.180.245,0,0.
F1,10.59.180.245,1,0.
F1,10.59.212.86,0,0.
F1,10.59.212.86,1,0.
F1,10.59.45.103,0,0.
F1,10.59.45.103,1,0.
F1,10.59.46.225,0,0.
F1,10.59.46.225,1,0.
F1,10.59.231.177,0,0.
F1,10.59.231.177,1,0.
F1,10.59.216.19,0,0.
F1,10.59.216.19,1,0.
F1,10.59.45.162,0,0.
F1,10.59.45.162,1,0.
F1,10.59.137.148,0,0.
F1,10.59.137.148,1,0.
F1,10.59.137.0,0,0.
F1,10.59.137.0,1,0.
F1,10.59.240.75,0,0.
F1,10.59.240.75,1,0.
F1,10.59.55.234,0,0.
F1,10.59.55.234,1,0.
F1,10.59.55.130,0,0.
F1,10.59.55.130,1,0.
F1,10.59.55.102,0,0.
F1,10.59.55.102,1,0.
F1,10.59.55.107,0,0.
F1,10.59.55.107,1,0.
F1,10.59.55.207,0,0.
F1,10.59.55.207,1,0.
F1,10.59.231.38,0,0.
F1,10.59.231.38,1,0.
F1,10.59.55.154,0,0.
F1,10.59.55.154,1,0.
F1,10.59.56.35,0,0.
F1,10.59.56.35,1,0.
F1,10.59.181.81,0,0.
F1,10.59.181.81,1,0.
F1,10.59.137.20,0,0.
F1,10.59.137.20,1,0.
F1,10.59.55.125,0,0.
F1,10.59.55.125,1,0.
F1,10.59.55.75,0,0.
F1,10.59.55.75,1,0.
F1,10.59.55.103,0,0.
F1,10.59.55.103,1,0.
F1,10.59.212.104,0,0.
F1,10.59.212.104,1,0.
F1,10.59.55.242,0,0.
F1,10.59.55.242,1,0.
F1,10.59.179.240,0,0.
F1,10.59.179.240,1,0.
F1,10.59.179.173,0,0.
F1,10.59.179.173,1,0.
F1,10.59.180.160,0,0.
F1,10.59.180.160,1,0.
F1,10.59.46.212,0,0.
F1,10.59.46.212,1,0.
F1,10.59.55.43,0,0.
F1,10.59.55.43,1,0.
F1,10.59.43.41,0,0.
F1,10.59.43.41,1,0.
F1,10.59.36.127,0,0.
F1,10.59.36.127,1,0.
F1,10.59.43.49,0,0.
F1,10.59.43.49,1,0.
F1,10.59.179.5,0,0.
F1,10.59.179.5,1,0.
F1,10.59.55.214,0,0.
F1,10.59.55.214,1,0.
F1,10.59.24.201,0,0.
F1,10.59.24.201,1,0.
F1,10.59.46.149,0,0.
F1,10.59.46.149,1,0.
F1,10.59.223.27,0,0.
F1,10.59.223.27,1,0.
F1,10.59.93.4,0,0.
F1,10.59.93.4,1,0.
F1,10.59.253.201,0,0.
F1,10.59.253.201,1,0.
F1,10.59.46.5,0,0.
F1,10.59.46.5,1,0.
F1,10.59.55.127,0,0.
F1,10.59.55.127,1,0.
F1,10.59.46.82,0,0.
F1,10.59.46.82,1,0.
F1,10.59.55.49,0,0.
F1,10.59.55.49,1,0.
F1,10.59.55.143,0,0.
F1,10.59.55.143,1,0.
F1,10.59.212.57,0,0.
F1,10.59.212.57,1,0.
F2,10.59.212.142,0,0.
F2,10.59.212.142,1,0.
F2,10.59.21.10,0,0.
F2,10.59.21.10,1,0.
F2,10.59.212.181,0,0.
F2,10.59.212.181,1,0.
F2,10.59.43.197,0,0.
F2,10.59.43.197,1,0.
F2,10.59.174.126,0,0.
F2,10.59.174.126,1,0.
F2,10.59.174.123,0,0.
F2,10.59.174.123,1,0.
F2,10.59.212.44,0,0.
F2,10.59.212.44,1,0.
F2,10.59.212.201,0,0.
F2,10.59.212.201,1,0.
F2,10.59.174.201,0,0.
F2,10.59.174.201,1,0.
F2,10.59.207.16,0,0.
F2,10.59.207.16,1,0.
F2,10.59.174.29,0,-0.0002
F2,10.59.174.29,1,0.2251
F2,10.59.45.245,0,0.
F2,10.59.45.245,1,0.
F2,10.59.174.245,0,-0.0001
F2,10.59.174.245,1,0.1433
F2,10.59.174.170,0,18.6591
F2,10.59.174.170,1,-0.0009
F2,10.59.223.66,0,-0.0026
F2,10.59.223.66,1,3.5947
F2,10.59.174.4,0,0.0091
F2,10.59.174.4,1,0.0577
F2,10.59.231.201,0,0.
F2,10.59.231.201,1,0.
F2,10.59.137.202,0,0.
F2,10.59.137.202,1,0.
F2,10.59.174.110,0,0.
F2,10.59.174.110,1,0.
F2,10.59.174.228,0,0.
F2,10.59.174.228,1,0.
F2,10.59.174.224,0,0.
F2,10.59.174.224,1,0.
F2,10.59.174.2,0,0.
F2,10.59.174.2,1,0.
F2,10.59.174.220,0,0.
F2,10.59.174.220,1,0.
F2,10.59.174.143,0,23.6129
F2,10.59.174.143,1,-0.0078
F2,10.59.223.85,0,-0.0001
F2,10.59.223.85,1,0.1157
F2,10.59.174.177,0,0.
F2,10.59.174.177,1,0.
F2,10.59.137.72,0,-0.0006
F2,10.59.137.72,1,0.8604
F2,10.59.137.187,0,-0.0002
F2,10.59.137.187,1,0.2431
F2,10.59.126.75,0,-0.0000
F2,10.59.126.75,1,0.0238
F2,10.59.174.118,0,0.
F2,10.59.174.118,1,0.
F2,10.59.174.81,0,-0.0000
F2,10.59.174.81,1,0.0277
F2,10.59.174.13,0,0.
F2,10.59.174.13,1,0.
F2,10.59.174.14,0,0.
F2,10.59.174.14,1,0.
F2,10.59.174.157,0,0.
F2,10.59.174.157,1,0.
F2,10.59.174.62,0,0.0034
F2,10.59.174.62,1,0.8353
F2,10.59.45.43,0,0.
F2,10.59.45.43,1,0.
F2,10.59.137.92,0,0.
F2,10.59.137.92,1,0.
F2,10.59.45.122,0,-0.0006
F2,10.59.45.122,1,0.8935
F2,10.59.179.124,0,0.
F2,10.59.179.124,1,0.
F2,10.59.43.118,0,5.1526e-07
F2,10.59.43.118,1,0.0066
F2,10.59.34.123,0,0.
F2,10.59.34.123,1,0.
F2,10.59.45.221,0,0.
F2,10.59.45.221,1,0.
F2,10.59.255.220,0,-0.0000
F2,10.59.255.220,1,0.0101
F2,10.59.212.16,0,0.
F2,10.59.212.16,1,0.
F2,10.59.174.16,0,0.
F2,10.59.174.16,1,0.
F2,10.59.174.115,0,0.
F2,10.59.174.115,1,0.
F2,10.59.174.121,0,0.
F2,10.59.174.121,1,0.
F2,10.59.146.157,0,0.
F2,10.59.146.157,1,0.
F2,10.59.22.149,0,0.
F2,10.59.22.149,1,0.
F2,10.59.174.187,0,18.6577
F2,10.59.174.187,1,-0.0072
F2,10.59.137.78,0,-0.0000
F2,10.59.137.78,1,0.0644
F2,10.59.207.157,0,0.
F2,10.59.207.157,1,0.
F2,10.59.231.16,0,0.
F2,10.59.231.16,1,0.
F2,10.59.126.220,0,-0.0001
F2,10.59.126.220,1,0.1993
F2,10.59.146.4,0,-0.0001
F2,10.59.146.4,1,0.1341
F2,10.59.223.216,0,-0.0001
F2,10.59.223.216,1,0.1949
F2,10.59.253.123,0,0.
F2,10.59.253.123,1,0.
F2,10.59.126.7,0,-0.0006
F2,10.59.126.7,1,0.8286
F2,10.59.126.82,0,0.
F2,10.59.126.82,1,0.
F2,10.59.126.110,0,0.
F2,10.59.126.110,1,0.
F2,10.59.126.174,0,0.
F2,10.59.126.174,1,0.
F2,10.59.253.121,0,0.
F2,10.59.253.121,1,0.
F2,10.59.174.218,0,0.
F2,10.59.174.218,1,0.
F2,10.59.21.85,0,-0.0000
F2,10.59.21.85,1,0.0485
F2,10.59.126.142,0,0.
F2,10.59.126.142,1,0.
F2,10.59.174.227,0,0.
F2,10.59.174.227,1,0.
F2,10.59.216.204,0,-0.0000
F2,10.59.216.204,1,0.0068
F2,10.59.126.152,0,0.
F2,10.59.126.152,1,0.
F2,10.59.137.151,0,0.
F2,10.59.137.151,1,0.
F2,10.59.120.177,0,0.
F2,10.59.120.177,1,0.
F2,10.59.212.2,0,0.
F2,10.59.212.2,1,0.
F2,10.59.216.48,0,-0.0000
F2,10.59.216.48,1,0.0021
F2,10.59.174.45,0,0.
F2,10.59.174.45,1,0.
F2,10.59.174.75,0,0.
F2,10.59.174.75,1,0.
F2,10.59.181.30,0,0.
F2,10.59.181.30,1,0.
F2,10.59.223.12,0,0.
F2,10.59.223.12,1,0.
F2,10.59.253.157,0,0.
F2,10.59.253.157,1,0.
F2,10.59.126.187,0,0.
F2,10.59.126.187,1,0.
F2,10.59.126.247,0,0.
F2,10.59.126.247,1,0.
F2,10.59.174.194,0,0.
F2,10.59.174.194,1,0.
F2,10.59.126.124,0,0.
F2,10.59.126.124,1,0.
F2,10.59.126.184,0,0.
F2,10.59.126.184,1,0.
F2,10.59.45.139,0,0.
F2,10.59.45.139,1,0.
F2,10.59.253.10,0,0.0027
F2,10.59.253.10,1,-0.0006
F2,10.59.223.45,0,0.
F2,10.59.223.45,1,0.
F2,10.59.126.118,0,0.
F2,10.59.126.118,1,0.
F2,10.59.181.8,0,-0.0000
F2,10.59.181.8,1,0.0024
F2,10.59.126.30,0,0.
F2,10.59.126.30,1,0.
F2,10.59.36.142,0,0.
F2,10.59.36.142,1,0.
F2,10.59.137.131,0,0.
F2,10.59.137.131,1,0.
F2,10.59.181.79,0,0.
F2,10.59.181.79,1,0.
F2,10.59.45.5,0,0.
F2,10.59.45.5,1,0.
F2,10.59.126.122,0,0.
F2,10.59.126.122,1,0.
F2,10.59.126.149,0,0.
F2,10.59.126.149,1,0.
F2,10.59.126.125,0,0.
F2,10.59.126.125,1,0.
F2,10.59.181.247,0,0.
F2,10.59.181.247,1,0.
F2,10.59.181.185,0,0.
F2,10.59.181.185,1,0.
F2,10.59.148.187,0,0.
F2,10.59.148.187,1,0.
F2,10.59.126.4,0,0.
F2,10.59.126.4,1,0.
F2,10.59.253.58,0,-0.0000
F2,10.59.253.58,1,0.0467
F2,10.59.180.131,0,-0.0000
F2,10.59.180.131,1,0.0149
F2,10.59.223.133,0,0.
F2,10.59.223.133,1,0.
F2,10.59.126.205,0,0.
F2,10.59.126.205,1,0.
F2,10.59.126.143,0,0.
F2,10.59.126.143,1,0.
F2,10.59.126.171,0,0.
F2,10.59.126.171,1,0.
F2,10.59.126.129,0,0.
F2,10.59.126.129,1,0.
F2,10.59.45.166,0,0.
F2,10.59.45.166,1,0.
F2,10.59.223.68,0,-0.0000
F2,10.59.223.68,1,0.0465
F2,10.59.126.194,0,0.
F2,10.59.126.194,1,0.
F2,10.59.179.30,0,0.
F2,10.59.179.30,1,0.
F2,10.59.126.113,0,0.
F2,10.59.126.113,1,0.
F2,10.59.212.105,0,0.0001
F2,10.59.212.105,1,0.1650
F2,10.59.223.223,0,0.
F2,10.59.223.223,1,0.
F2,10.59.216.234,0,0.
F2,10.59.216.234,1,0.
F2,10.59.223.168,0,0.
F2,10.59.223.168,1,0.
F2,10.59.216.208,0,0.
F2,10.59.216.208,1,0.
F2,10.59.216.128,0,-0.0000
F2,10.59.216.128,1,0.0021
F2,10.59.231.85,0,0.
F2,10.59.231.85,1,0.
F2,10.59.36.81,0,0.
F2,10.59.36.81,1,0.
F2,10.59.45.98,0,0.
F2,10.59.45.98,1,0.
F2,10.59.223.137,0,-0.0002
F2,10.59.223.137,1,0.2100
F2,10.59.216.147,0,0.
F2,10.59.216.147,1,0.
F2,10.59.43.103,0,-0.0001
F2,10.59.43.103,1,0.1541
F2,10.59.36.66,0,0.
F2,10.59.36.66,1,0.
F2,10.59.216.130,0,0.
F2,10.59.216.130,1,0.
F2,10.59.223.192,0,0.
F2,10.59.223.192,1,0.
F2,10.59.207.13,0,0.
F2,10.59.207.13,1,0.
F2,10.59.45.141,0,0.
F2,10.59.45.141,1,0.
F2,10.59.216.172,0,0.
F2,10.59.216.172,1,0.
F2,10.59.229.220,0,0.0001
F2,10.59.229.220,1,0.2821
F2,10.59.216.185,0,0.
F2,10.59.216.185,1,0.
F2,10.59.181.107,0,-0.0000
F2,10.59.181.107,1,0.0550
F2,10.59.216.173,0,-0.0000
F2,10.59.216.173,1,0.0405
F2,10.59.181.227,0,0.
F2,10.59.181.227,1,0.
F2,10.59.216.225,0,0.
F2,10.59.216.225,1,0.
F2,10.59.126.45,0,0.
F2,10.59.126.45,1,0.
F2,10.59.207.218,0,-0.0008
F2,10.59.207.218,1,1.4470
F2,10.59.212.121,0,0.
F2,10.59.212.121,1,0.
F2,10.59.212.244,0,0.
F2,10.59.212.244,1,0.
F2,10.59.179.6,0,-0.0001
F2,10.59.179.6,1,0.1723
F2,10.59.36.115,0,-0.0000
F2,10.59.36.115,1,0.0359
F2,10.59.207.121,0,0.
F2,10.59.207.121,1,0.
F2,10.59.216.18,0,0.
F2,10.59.216.18,1,0.
F2,10.59.216.8,0,-0.0000
F2,10.59.216.8,1,0.0637
F2,10.59.223.231,0,-0.0011
F2,10.59.223.231,1,1.5208
F2,10.59.22.124,0,0.
F2,10.59.22.124,1,0.
F2,10.59.181.221,0,0.
F2,10.59.181.221,1,0.
F2,10.59.36.246,0,-0.0000
F2,10.59.36.246,1,0.0363
F2,10.59.207.220,0,0.
F2,10.59.207.220,1,0.
F2,10.59.223.116,0,-0.0018
F2,10.59.223.116,1,2.5687
F2,10.59.43.12,0,0.
F2,10.59.43.12,1,0.
F2,10.59.36.162,0,0.
F2,10.59.36.162,1,0.
F2,10.59.181.242,0,-0.0000
F2,10.59.181.242,1,0.0412
F2,10.59.231.90,0,0.
F2,10.59.231.90,1,0.
F2,10.59.216.92,0,0.
F2,10.59.216.92,1,0.
F2,10.59.137.35,0,0.
F2,10.59.137.35,1,0.
F2,10.59.216.139,0,0.
F2,10.59.216.139,1,0.
F2,10.59.81.213,0,0.
F2,10.59.81.213,1,0.
F2,10.59.216.233,0,-0.0000
F2,10.59.216.233,1,0.0556
F2,10.59.181.180,0,0.
F2,10.59.181.180,1,0.
F2,10.59.45.75,0,0.
F2,10.59.45.75,1,0.
F2,10.59.216.254,0,-0.0000
F2,10.59.216.254,1,0.0025
F2,10.59.223.172,0,-0.0010
F2,10.59.223.172,1,1.4422
F2,10.59.36.180,0,0.
F2,10.59.36.180,1,0.
F2,10.59.137.222,0,0.
F2,10.59.137.222,1,0.
F2,10.59.216.181,0,0.
F2,10.59.216.181,1,0.
F2,10.59.223.147,0,0.
F2,10.59.223.147,1,0.
F2,10.59.137.209,0,0.
F2,10.59.137.209,1,0.
F2,10.59.223.16,0,0.
F2,10.59.223.16,1,0.
F2,10.59.45.65,0,-0.0000
F2,10.59.45.65,1,0.0014
F2,10.59.166.157,0,0.
F2,10.59.166.157,1,0.
F2,10.59.253.154,0,0.
F2,10.59.253.154,1,0.
F2,10.59.36.181,0,0.
F2,10.59.36.181,1,0.
F2,10.59.45.188,0,0.
F2,10.59.45.188,1,0.
F2,10.59.166.121,0,0.
F2,10.59.166.121,1,0.
F2,10.59.43.214,0,0.
F2,10.59.43.214,1,0.
F2,10.59.56.187,0,0.
F2,10.59.56.187,1,0.
F2,10.59.20.191,0,0.
F2,10.59.20.191,1,0.
F2,10.59.223.128,0,0.
F2,10.59.223.128,1,0.
F2,10.59.36.96,0,-0.0000
F2,10.59.36.96,1,0.0444
F2,10.59.166.177,0,0.
F2,10.59.166.177,1,0.
F2,10.59.216.85,0,-0.0000
F2,10.59.216.85,1,0.0045
F2,10.59.216.166,0,-0.0000
F2,10.59.216.166,1,0.0544
F2,10.59.180.25,0,0.
F2,10.59.180.25,1,0.
F2,10.59.166.228,0,0.
F2,10.59.166.228,1,0.
F2,10.59.212.7,0,0.
F2,10.59.212.7,1,0.
F2,10.59.137.140,0,0.
F2,10.59.137.140,1,0.
F2,10.59.81.75,0,0.
F2,10.59.81.75,1,0.
F2,10.59.180.187,0,0.
F2,10.59.180.187,1,0.
F2,10.59.215.120,0,0.
F2,10.59.215.120,1,0.
F2,10.59.223.159,0,0.
F2,10.59.223.159,1,0.
F2,10.59.180.181,0,-0.0000
F2,10.59.180.181,1,0.0081
F2,10.59.216.167,0,0.
F2,10.59.216.167,1,0.
F2,10.59.166.16,0,0.
F2,10.59.166.16,1,0.
F2,10.59.216.41,0,0.
F2,10.59.216.41,1,0.
F2,10.59.181.62,0,0.
F2,10.59.181.62,1,0.
F2,10.59.231.170,0,0.
F2,10.59.231.170,1,0.
F2,10.59.56.103,0,0.
F2,10.59.56.103,1,0.
F2,10.59.181.233,0,0.
F2,10.59.181.233,1,0.
F2,10.59.216.239,0,0.
F2,10.59.216.239,1,0.
F2,10.59.181.206,0,1.4330e-07
F2,10.59.181.206,1,0.0069
F2,10.59.216.197,0,-0.0000
F2,10.59.216.197,1,0.0304
F2,10.59.216.255,0,0.
F2,10.59.216.255,1,0.
F2,10.59.223.26,0,-0.0056
F2,10.59.223.26,1,7.9376
F2,10.59.223.186,0,-0.0004
F2,10.59.223.186,1,0.5086
F2,10.59.171.218,0,0.
F2,10.59.171.218,1,0.
F2,10.59.81.81,0,0.
F2,10.59.81.81,1,0.
F2,10.59.137.161,0,0.
F2,10.59.137.161,1,0.
F2,10.59.20.14,0,0.
F2,10.59.20.14,1,0.
F2,10.59.223.28,0,-0.0002
F2,10.59.223.28,1,0.2441
F2,10.59.137.53,0,0.
F2,10.59.137.53,1,0.
F2,10.59.223.31,0,0.
F2,10.59.223.31,1,0.
F2,10.59.223.59,0,-0.0001
F2,10.59.223.59,1,0.5478
F2,10.59.223.247,0,0.
F2,10.59.223.247,1,0.
F2,10.59.216.124,0,0.
F2,10.59.216.124,1,0.
F2,10.59.45.224,0,0.
F2,10.59.45.224,1,0.
F2,10.59.180.88,0,0.
F2,10.59.180.88,1,0.
F2,10.59.22.245,0,0.
F2,10.59.22.245,1,0.
F2,10.59.141.201,0,0.0000
F2,10.59.141.201,1,0.0414
F2,10.59.216.210,0,0.
F2,10.59.216.210,1,0.
F2,10.59.212.30,0,0.
F2,10.59.212.30,1,0.
F2,10.59.181.106,0,0.
F2,10.59.181.106,1,0.
F2,10.59.212.56,0,0.
F2,10.59.212.56,1,0.
F2,10.59.216.202,0,0.
F2,10.59.216.202,1,0.
F2,10.59.43.121,0,0.
F2,10.59.43.121,1,0.
F2,10.59.126.90,0,-0.0000
F2,10.59.126.90,1,0.0025
F2,10.59.216.119,0,-0.0000
F2,10.59.216.119,1,0.0023
F2,10.59.36.82,0,0.
F2,10.59.36.82,1,0.
F2,10.59.181.16,0,0.
F2,10.59.181.16,1,0.
F2,10.59.229.194,0,0.
F2,10.59.229.194,1,0.
F2,10.59.207.194,0,0.
F2,10.59.207.194,1,0.
F2,10.59.137.77,0,0.
F2,10.59.137.77,1,0.
F2,10.59.174.199,0,0.
F2,10.59.174.199,1,0.
F2,10.59.181.204,0,0.
F2,10.59.181.204,1,0.
F2,10.59.181.51,0,-0.0000
F2,10.59.181.51,1,0.0467
F2,10.59.253.170,0,-0.0002
F2,10.59.253.170,1,0.0041
F2,10.59.45.108,0,0.
F2,10.59.45.108,1,0.
F2,10.59.126.218,0,0.
F2,10.59.126.218,1,0.
F2,10.59.20.92,0,0.
F2,10.59.20.92,1,0.
F2,10.59.216.206,0,0.
F2,10.59.216.206,1,0.
F2,10.59.45.180,0,-0.0517
F2,10.59.45.180,1,0.2363
F2,10.59.181.160,0,0.
F2,10.59.181.160,1,0.
F2,10.59.223.220,0,0.
F2,10.59.223.220,1,0.
F2,10.59.126.151,0,0.
F2,10.59.126.151,1,0.
F2,10.59.137.98,0,-0.0000
F2,10.59.137.98,1,0.0153
F2,10.59.181.77,0,0.
F2,10.59.181.77,1,0.
F2,10.59.253.177,0,0.
F2,10.59.253.177,1,0.
F2,10.59.223.194,0,0.
F2,10.59.223.194,1,0.
F2,10.59.166.2,0,0.
F2,10.59.166.2,1,0.
F2,10.59.137.150,0,0.
F2,10.59.137.150,1,0.
F2,10.59.45.59,0,0.
F2,10.59.45.59,1,0.
F2,10.59.126.199,0,0.
F2,10.59.126.199,1,0.
F2,10.59.216.72,0,0.
F2,10.59.216.72,1,0.
F2,10.59.45.247,0,0.
F2,10.59.45.247,1,0.
F2,10.59.45.66,0,0.
F2,10.59.45.66,1,0.
F2,10.59.137.220,0,0.
F2,10.59.137.220,1,0.
F2,10.59.179.51,0,0.
F2,10.59.179.51,1,0.
F2,10.59.20.203,0,0.
F2,10.59.20.203,1,0.
F2,10.59.231.247,0,0.
F2,10.59.231.247,1,0.
F2,10.59.181.45,0,0.
F2,10.59.181.45,1,0.
F2,10.59.45.73,0,0.
F2,10.59.45.73,1,0.
F2,10.59.137.86,0,-0.0001
F2,10.59.137.86,1,0.2285
F2,10.59.22.194,0,0.
F2,10.59.22.194,1,0.
F2,10.59.43.199,0,0.
F2,10.59.43.199,1,0.
F2,10.59.137.192,0,0.
F2,10.59.137.192,1,0.
F2,10.59.223.67,0,0.
F2,10.59.223.67,1,0.
F2,10.59.137.11,0,0.0001
F2,10.59.137.11,1,0.3028
F2,10.59.255.81,0,0.
F2,10.59.255.81,1,0.
F2,10.59.137.14,0,0.
F2,10.59.137.14,1,0.
F2,10.59.137.143,0,0.
F2,10.59.137.143,1,0.
F2,10.59.207.45,0,0.
F2,10.59.207.45,1,0.
F2,10.59.181.2,0,0.
F2,10.59.181.2,1,0.
F2,10.59.181.228,0,0.
F2,10.59.181.228,1,0.
F2,10.59.43.11,0,0.
F2,10.59.43.11,1,0.
F2,10.59.20.39,0,0.
F2,10.59.20.39,1,0.
F2,10.59.126.16,0,0.
F2,10.59.126.16,1,0.
F2,10.59.21.124,0,0.
F2,10.59.21.124,1,0.
F2,10.59.181.130,0,0.
F2,10.59.181.130,1,0.
F2,10.59.181.152,0,0.
F2,10.59.181.152,1,0.
F2,10.59.137.191,0,0.
F2,10.59.137.191,1,0.
F2,10.59.137.109,0,0.
F2,10.59.137.109,1,0.
F2,10.59.137.254,0,0.
F2,10.59.137.254,1,0.
F2,10.59.56.54,0,0.
F2,10.59.56.54,1,0.
F2,10.59.56.86,0,0.
F2,10.59.56.86,1,0.
F2,10.59.181.210,0,0.
F2,10.59.181.210,1,0.
F2,10.59.223.103,0,0.
F2,10.59.223.103,1,0.
F2,10.59.255.121,0,0.
F2,10.59.255.121,1,0.
F2,10.59.181.90,0,0.
F2,10.59.181.90,1,0.
F2,10.59.137.52,0,-0.0004
F2,10.59.137.52,1,0.5815
F2,10.59.137.205,0,0.
F2,10.59.137.205,1,0.
F2,10.59.56.94,0,0.
F2,10.59.56.94,1,0.
F2,10.59.171.194,0,0.
F2,10.59.171.194,1,0.
F2,10.59.126.123,0,0.
F2,10.59.126.123,1,0.
F2,10.59.253.246,0,-0.0000
F2,10.59.253.246,1,0.0061
F2,10.59.231.213,0,0.
F2,10.59.231.213,1,0.
F2,10.59.56.176,0,0.
F2,10.59.56.176,1,0.
F2,10.59.181.218,0,0.
F2,10.59.181.218,1,0.
F2,10.59.223.19,0,-0.0014
F2,10.59.223.19,1,1.9907
F2,10.59.20.51,0,0.
F2,10.59.20.51,1,0.
F2,10.59.55.194,0,0.
F2,10.59.55.194,1,0.
F2,10.59.179.194,0,0.
F2,10.59.179.194,1,0.
F2,10.59.216.15,0,0.
F2,10.59.216.15,1,0.
F2,10.59.88.205,0,0.
F2,10.59.88.205,1,0.
F2,10.59.223.148,0,0.
F2,10.59.223.148,1,0.
F2,10.59.22.14,0,0.
F2,10.59.22.14,1,0.
F2,10.59.255.30,0,0.
F2,10.59.255.30,1,0.
F2,10.59.45.92,0,-0.0000
F2,10.59.45.92,1,0.0059
F2,10.59.56.100,0,0.
F2,10.59.56.100,1,0.
F2,10.59.223.41,0,0.
F2,10.59.223.41,1,0.
F2,10.59.137.21,0,0.
F2,10.59.137.21,1,0.
F2,10.59.137.249,0,0.
F2,10.59.137.249,1,0.
F2,10.59.223.176,0,0.
F2,10.59.223.176,1,0.
F2,10.59.181.72,0,0.
F2,10.59.181.72,1,0.
F2,10.59.223.250,0,0.
F2,10.59.223.250,1,0.
F2,10.59.180.75,0,0.
F2,10.59.180.75,1,0.
F2,10.59.180.118,0,0.
F2,10.59.180.118,1,0.
F2,10.59.137.74,0,0.
F2,10.59.137.74,1,0.
F2,10.59.216.164,0,0.
F2,10.59.216.164,1,0.
F2,10.59.34.62,0,0.
F2,10.59.34.62,1,0.
F2,10.59.207.170,0,0.
F2,10.59.207.170,1,0.
F2,10.59.212.180,0,0.
F2,10.59.212.180,1,0.
F2,10.59.56.57,0,0.
F2,10.59.56.57,1,0.
F2,10.59.181.231,0,0.
F2,10.59.181.231,1,0.
F2,10.59.36.97,0,0.
F2,10.59.36.97,1,0.
F2,10.59.212.67,0,0.
F2,10.59.212.67,1,0.
F2,10.59.181.226,0,0.
F2,10.59.181.226,1,0.
F2,10.59.229.15,0,0.
F2,10.59.229.15,1,0.
F2,10.59.223.126,0,0.
F2,10.59.223.126,1,0.
F2,10.59.36.170,0,0.
F2,10.59.36.170,1,0.
F2,10.59.223.252,0,0.
F2,10.59.223.252,1,0.
F2,10.59.45.229,0,0.
F2,10.59.45.229,1,0.
F2,10.59.53.194,0,0.
F2,10.59.53.194,1,0.
F2,10.59.229.177,0,0.
F2,10.59.229.177,1,0.
F2,10.59.43.228,0,0.
F2,10.59.43.228,1,0.
F2,10.59.212.95,0,0.
F2,10.59.212.95,1,0.
F2,10.59.137.5,0,0.
F2,10.59.137.5,1,0.
F2,10.59.137.212,0,0.
F2,10.59.137.212,1,0.
F2,10.59.253.42,0,0.
F2,10.59.253.42,1,0.
F2,10.59.207.75,0,0.
F2,10.59.207.75,1,0.
F2,10.59.179.118,0,0.
F2,10.59.179.118,1,0.
F2,10.59.43.13,0,0.
F2,10.59.43.13,1,0.
F2,10.59.137.82,0,0.
F2,10.59.137.82,1,0.
F2,10.59.240.121,0,0.
F2,10.59.240.121,1,0.
F2,10.59.45.142,0,0.
F2,10.59.45.142,1,0.
F2,10.59.43.141,0,0.
F2,10.59.43.141,1,0.
F2,10.59.180.144,0,0.
F2,10.59.180.144,1,0.
F2,10.59.56.145,0,0.
F2,10.59.56.145,1,0.
F2,10.59.181.58,0,0.
F2,10.59.181.58,1,0.
F2,10.59.137.110,0,0.
F2,10.59.137.110,1,0.
F2,10.59.148.45,0,0.
F2,10.59.148.45,1,0.
F2,10.59.43.247,0,0.
F2,10.59.43.247,1,0.
F2,10.59.207.110,0,0.
F2,10.59.207.110,1,0.
F2,10.59.216.61,0,0.
F2,10.59.216.61,1,0.
F2,10.59.45.130,0,0.
F2,10.59.45.130,1,0.
F2,10.59.45.82,0,0.
F2,10.59.45.82,1,0.
F2,10.59.171.81,0,0.
F2,10.59.171.81,1,0.
F2,10.59.166.201,0,0.
F2,10.59.166.201,1,0.
F2,10.59.56.162,0,0.
F2,10.59.56.162,1,0.
F2,10.59.137.34,0,0.
F2,10.59.137.34,1,0.
F2,10.59.137.186,0,0.
F2,10.59.137.186,1,0.
F2,10.59.81.143,0,0.
F2,10.59.81.143,1,0.
F2,10.59.56.3,0,0.
F2,10.59.56.3,1,0.
F2,10.59.56.61,0,0.
F2,10.59.56.61,1,0.
F2,10.59.181.29,0,0.
F2,10.59.181.29,1,0.
F2,10.59.137.165,0,0.
F2,10.59.137.165,1,0.
F2,10.59.229.187,0,0.
F2,10.59.229.187,1,0.
F2,10.59.137.10,0,0.
F2,10.59.137.10,1,0.
F2,10.59.137.235,0,0.
F2,10.59.137.235,1,0.
F2,10.59.229.118,0,0.
F2,10.59.229.118,1,0.
F2,10.59.56.132,0,0.
F2,10.59.56.132,1,0.
F2,10.59.20.74,0,0.
F2,10.59.20.74,1,0.
F2,10.59.179.152,0,0.
F2,10.59.179.152,1,0.
F2,10.59.253.187,0,-0.0000
F2,10.59.253.187,1,0.0299
F2,10.59.137.12,0,0.
F2,10.59.137.12,1,0.
F2,10.59.223.140,0,0.
F2,10.59.223.140,1,0.
F2,10.59.45.9,0,0.
F2,10.59.45.9,1,0.
F2,10.59.45.161,0,-0.0000
F2,10.59.45.161,1,0.0032
F2,10.59.56.203,0,0.
F2,10.59.56.203,1,0.
F2,10.59.216.207,0,0.
F2,10.59.216.207,1,0.
F2,10.59.223.177,0,0.
F2,10.59.223.177,1,0.
F2,10.59.45.42,0,0.
F2,10.59.45.42,1,0.
F2,10.59.240.45,0,0.
F2,10.59.240.45,1,0.
F2,10.59.181.201,0,0.
F2,10.59.181.201,1,0.
F2,10.59.56.213,0,0.
F2,10.59.56.213,1,0.
F2,10.59.21.199,0,0.
F2,10.59.21.199,1,0.
F2,10.59.231.228,0,0.
F2,10.59.231.228,1,0.
F2,10.59.53.16,0,0.
F2,10.59.53.16,1,0.
F2,10.59.137.246,0,0.
F2,10.59.137.246,1,0.
F2,10.59.45.74,0,0.
F2,10.59.45.74,1,0.
F2,10.59.137.117,0,-0.0000
F2,10.59.137.117,1,0.0023
F2,10.59.255.174,0,0.
F2,10.59.255.174,1,0.
F2,10.59.255.82,0,0.
F2,10.59.255.82,1,0.
F2,10.59.179.96,0,3.8543e-09
F2,10.59.179.96,1,0.0075
F2,10.59.181.121,0,0.
F2,10.59.181.121,1,0.
F2,10.59.43.85,0,-0.0000
F2,10.59.43.85,1,0.0011
F2,10.59.81.13,0,0.
F2,10.59.81.13,1,0.
F2,10.59.137.243,0,0.
F2,10.59.137.243,1,0.
F2,10.59.137.60,0,0.
F2,10.59.137.60,1,0.
F2,10.59.45.239,0,0.
F2,10.59.45.239,1,0.
F2,10.59.36.139,0,0.
F2,10.59.36.139,1,0.
F2,10.59.181.181,0,0.
F2,10.59.181.181,1,0.
F2,10.59.22.113,0,0.
F2,10.59.22.113,1,0.
F2,10.59.137.9,0,0.
F2,10.59.137.9,1,0.
F2,10.59.223.255,0,0.
F2,10.59.223.255,1,0.
F2,10.59.255.7,0,0.
F2,10.59.255.7,1,0.
F2,10.59.126.13,0,0.
F2,10.59.126.13,1,0.
F2,10.59.137.58,0,0.
F2,10.59.137.58,1,0.
F2,10.59.180.73,0,0.
F2,10.59.180.73,1,0.
F2,10.59.137.167,0,-0.0000
F2,10.59.137.167,1,0.0060
F2,10.59.171.16,0,0.
F2,10.59.171.16,1,0.
F2,10.59.212.78,0,0.
F2,10.59.212.78,1,0.
F2,10.59.181.23,0,0.
F2,10.59.181.23,1,0.
F2,10.59.137.179,0,0.
F2,10.59.137.179,1,0.
F2,10.59.180.113,0,0.
F2,10.59.180.113,1,0.
F2,10.59.223.90,0,-0.0000
F2,10.59.223.90,1,0.0014
F2,10.59.43.144,0,-0.0000
F2,10.59.43.144,1,0.0015
F2,10.59.137.18,0,-0.0000
F2,10.59.137.18,1,0.0363
F2,10.59.223.152,0,0.
F2,10.59.223.152,1,0.
F2,10.59.58.123,0,0.
F2,10.59.58.123,1,0.
F2,10.59.36.13,0,0.
F2,10.59.36.13,1,0.
F2,10.59.255.2,0,0.
F2,10.59.255.2,1,0.
F2,10.59.36.157,0,-0.0000
F2,10.59.36.157,1,0.0357
F2,10.59.216.77,0,0.
F2,10.59.216.77,1,0.
F2,10.59.137.59,0,0.
F2,10.59.137.59,1,0.
F2,10.59.43.60,0,0.
F2,10.59.43.60,1,0.
F2,10.59.137.163,0,0.
F2,10.59.137.163,1,0.
F2,10.59.20.136,0,0.
F2,10.59.20.136,1,0.
F2,10.59.81.30,0,0.
F2,10.59.81.30,1,0.
F2,10.59.55.254,0,0.
F2,10.59.55.254,1,0.
F2,10.59.180.143,0,0.
F2,10.59.180.143,1,0.
F2,10.59.181.137,0,0.
F2,10.59.181.137,1,0.
F2,10.59.223.134,0,-0.0000
F2,10.59.223.134,1,0.0001
F2,10.59.212.102,0,0.
F2,10.59.212.102,1,0.
F2,10.59.223.98,0,0.
F2,10.59.223.98,1,0.
F2,10.59.181.50,0,0.
F2,10.59.181.50,1,0.
F2,10.59.216.55,0,0.
F2,10.59.216.55,1,0.
F2,10.59.56.248,0,0.
F2,10.59.56.248,1,0.
F2,10.59.181.25,0,0.
F2,10.59.181.25,1,0.
F2,10.59.181.102,0,0.
F2,10.59.181.102,1,0.
F2,10.59.126.250,0,0.
F2,10.59.126.250,1,0.
F2,10.59.45.168,0,0.
F2,10.59.45.168,1,0.
F2,10.59.45.217,0,-0.0000
F2,10.59.45.217,1,0.0029
F2,10.59.36.206,0,0.
F2,10.59.36.206,1,0.
F2,10.59.181.126,0,0.
F2,10.59.181.126,1,0.
F2,10.59.36.212,0,0.
F2,10.59.36.212,1,0.
F2,10.59.45.249,0,-0.0000
F2,10.59.45.249,1,0.0016
F2,10.59.137.214,0,-0.0009
F2,10.59.137.214,1,1.3848
F2,10.59.93.123,0,0.
F2,10.59.93.123,1,0.
F2,10.59.137.237,0,0.
F2,10.59.137.237,1,0.
F2,10.59.180.123,0,0.
F2,10.59.180.123,1,0.
F2,10.59.45.44,0,0.
F2,10.59.45.44,1,0.
F2,10.59.43.151,0,0.
F2,10.59.43.151,1,0.
F2,10.59.223.170,0,0.
F2,10.59.223.170,1,0.
F2,10.59.27.16,0,0.
F2,10.59.27.16,1,0.
F2,10.59.181.59,0,0.
F2,10.59.181.59,1,0.
F2,10.59.223.48,0,0.
F2,10.59.223.48,1,0.
F2,10.59.179.236,0,-0.0000
F2,10.59.179.236,1,0.0083
F2,10.59.212.228,0,0.
F2,10.59.212.228,1,0.
F2,10.59.174.131,0,4.8337e-07
F2,10.59.174.131,1,0.0063
F2,10.59.223.224,0,0.
F2,10.59.223.224,1,0.
F2,inter,0,129.2955
F2,inter,1,167.5794
F2,10.59.22.82,0,-0.0004
F2,10.59.22.82,1,0.5057
F2,10.59.137.255,0,-0.0001
F2,10.59.137.255,1,0.2558
F2,10.59.88.121,0,-0.0000
F2,10.59.88.121,1,0.0040
F2,10.59.34.15,0,-0.0000
F2,10.59.34.15,1,0.0206
F2,10.59.180.13,0,-0.0000
F2,10.59.180.13,1,0.0021
F2,10.59.253.96,0,-0.0000
F2,10.59.253.96,1,0.0382
F2,10.59.137.207,0,-0.0001
F2,10.59.137.207,1,0.1273
F2,10.59.231.4,0,0.
F2,10.59.231.4,1,0.
F2,10.59.36.98,0,-0.0001
F2,10.59.36.98,1,0.0942
F2,10.59.180.205,0,-0.0001
F2,10.59.180.205,1,0.0033
F2,10.59.36.34,0,-0.0000
F2,10.59.36.34,1,0.0447
F2,10.59.178.174,0,-0.0000
F2,10.59.178.174,1,0.0015
F2,10.59.137.210,0,-0.0001
F2,10.59.137.210,1,0.2255
F2,outer,0,0.7275
F2,outer,1,0.8435
F2,10.59.223.86,0,0.
F2,10.59.223.86,1,0.
F2,10.59.223.142,0,-0.0002
F2,10.59.223.142,1,0.3293
F2,10.59.253.218,0,-0.0000
F2,10.59.253.218,1,0.0463
F2,10.59.88.194,0,-0.0000
F2,10.59.88.194,1,0.0243
F2,10.59.45.41,0,-0.0000
F2,10.59.45.41,1,0.0075
F2,10.59.216.145,0,-0.0000
F2,10.59.216.145,1,0.0116
F2,10.59.81.4,0,-0.0000
F2,10.59.81.4,1,7.3784e-06
F2,10.59.58.228,0,-0.0000
F2,10.59.58.228,1,0.0218
F2,10.59.216.81,0,0.
F2,10.59.216.81,1,0.
F2,10.59.216.184,0,-0.0001
F2,10.59.216.184,1,0.0726
F2,10.59.223.203,0,0.
F2,10.59.223.203,1,0.
F2,10.59.137.67,0,-0.0000
F2,10.59.137.67,1,0.0017
F2,10.59.255.115,0,-0.0000
F2,10.59.255.115,1,0.0118
F2,10.59.137.158,0,-0.0001
F2,10.59.137.158,1,0.1995
F2,10.59.81.157,0,0.
F2,10.59.81.157,1,0.
F2,10.59.55.180,0,-0.0000
F2,10.59.55.180,1,1.5720e-18
F2,10.59.43.39,0,-0.0000
F2,10.59.43.39,1,0.0291
F2,10.59.223.78,0,-0.0000
F2,10.59.223.78,1,0.0041
F2,10.59.216.220,0,0.
F2,10.59.216.220,1,0.
F2,10.59.93.194,0,-0.0000
F2,10.59.93.194,1,0.0058
F2,10.59.174.152,0,0.
F2,10.59.174.152,1,0.
F2,10.59.126.42,0,-0.0000
F2,10.59.126.42,1,0.0262
F2,10.59.212.236,0,-0.0000
F2,10.59.212.236,1,8.0096e-07
F2,10.59.36.27,0,-0.0000
F2,10.59.36.27,1,0.0423
F2,10.59.223.156,0,-0.0001
F2,10.59.223.156,1,0.1074
F2,10.59.24.253,0,-0.0000
F2,10.59.24.253,1,0.0269
F2,10.59.216.118,0,0.
F2,10.59.216.118,1,0.
F2,10.59.137.248,0,-0.0001
F2,10.59.137.248,1,0.1479
F2,10.59.58.170,0,-0.0000
F2,10.59.58.170,1,0.0000
F2,10.59.137.206,0,-0.0000
F2,10.59.137.206,1,0.0197
F2,10.59.212.251,0,-0.0000
F2,10.59.212.251,1,1.1161e-06
F2,10.59.212.109,0,-0.0000
F2,10.59.212.109,1,1.2457e-06
F2,10.59.137.81,0,3.9776e-06
F2,10.59.137.81,1,0.0314
F2,10.59.45.189,0,-0.0000
F2,10.59.45.189,1,0.0060
F2,10.59.81.129,0,-0.0000
F2,10.59.81.129,1,0.0057
F2,10.59.212.217,0,-0.0000
F2,10.59.212.217,1,7.7854e-07
F2,10.59.81.121,0,0.
F2,10.59.81.121,1,0.
F2,10.59.148.121,0,-0.0001
F2,10.59.148.121,1,0.0853
F2,10.59.56.98,0,0.
F2,10.59.56.98,1,0.
F2,10.59.55.85,0,-0.0000
F2,10.59.55.85,1,5.3724e-19
F2,10.59.43.75,0,-0.0000
F2,10.59.43.75,1,0.0000
F2,10.59.137.199,0,0.
F2,10.59.137.199,1,0.
F2,10.59.137.76,0,-0.0000
F2,10.59.137.76,1,0.0030
F2,10.59.240.90,0,-0.0000
F2,10.59.240.90,1,0.0247
F2,10.59.180.245,0,-0.0000
F2,10.59.180.245,1,0.0000
F2,10.59.212.86,0,-0.0000
F2,10.59.212.86,1,1.6515e-06
F2,10.59.45.103,0,-0.0000
F2,10.59.45.103,1,0.0015
F2,10.59.46.225,0,-0.0000
F2,10.59.46.225,1,1.2259e-18
F2,10.59.231.177,0,-0.0000
F2,10.59.231.177,1,6.3862e-07
F2,10.59.216.19,0,-0.0000
F2,10.59.216.19,1,0.0066
F2,10.59.45.162,0,-0.0000
F2,10.59.45.162,1,0.0011
F2,10.59.137.148,0,-0.0000
F2,10.59.137.148,1,0.0001
F2,10.59.137.0,0,-0.0000
F2,10.59.137.0,1,0.0023
F2,10.59.240.75,0,0.0000
F2,10.59.240.75,1,0.0570
F2,10.59.55.234,0,-0.0000
F2,10.59.55.234,1,3.4936e-18
F2,10.59.55.130,0,-0.0000
F2,10.59.55.130,1,1.7032e-18
F2,10.59.55.102,0,-0.0000
F2,10.59.55.102,1,1.0616e-18
F2,10.59.55.107,0,-0.0000
F2,10.59.55.107,1,1.1273e-18
F2,10.59.55.207,0,-0.0000
F2,10.59.55.207,1,1.0414e-18
F2,10.59.231.38,0,-0.0000
F2,10.59.231.38,1,1.1300e-06
F2,10.59.55.154,0,-0.0000
F2,10.59.55.154,1,1.8923e-18
F2,10.59.56.35,0,0.
F2,10.59.56.35,1,0.
F2,10.59.181.81,0,-0.0000
F2,10.59.181.81,1,0.0014
F2,10.59.137.20,0,-0.0000
F2,10.59.137.20,1,0.0065
F2,10.59.55.125,0,-0.0000
F2,10.59.55.125,1,6.6475e-19
F2,10.59.55.75,0,-0.0000
F2,10.59.55.75,1,1.1570e-18
F2,10.59.55.103,0,-0.0000
F2,10.59.55.103,1,1.1783e-18
F2,10.59.212.104,0,-0.0000
F2,10.59.212.104,1,6.2772e-07
F2,10.59.55.242,0,-0.0000
F2,10.59.55.242,1,4.4430e-19
F2,10.59.179.240,0,0.
F2,10.59.179.240,1,0.
F2,10.59.179.173,0,-0.0000
F2,10.59.179.173,1,0.0231
F2,10.59.180.160,0,-0.0000
F2,10.59.180.160,1,0.0068
F2,10.59.46.212,0,-0.0000
F2,10.59.46.212,1,1.9405e-18
F2,10.59.55.43,0,-0.0000
F2,10.59.55.43,1,6.0697e-19
F2,10.59.43.41,0,-0.0000
F2,10.59.43.41,1,0.0024
F2,10.59.36.127,0,-0.0000
F2,10.59.36.127,1,0.0002
F2,10.59.43.49,0,-0.0000
F2,10.59.43.49,1,0.0054
F2,10.59.179.5,0,-0.0000
F2,10.59.179.5,1,0.0153
F2,10.59.55.214,0,-0.0000
F2,10.59.55.214,1,1.7434e-18
F2,10.59.24.201,0,0.
F2,10.59.24.201,1,0.
F2,10.59.46.149,0,-0.0000
F2,10.59.46.149,1,1.2562e-18
F2,10.59.223.27,0,-0.0000
F2,10.59.223.27,1,0.0000
F2,10.59.93.4,0,1.8840e-06
F2,10.59.93.4,1,0.0001
F2,10.59.253.201,0,0.
F2,10.59.253.201,1,0.
F2,10.59.46.5,0,-0.0000
F2,10.59.46.5,1,1.0628e-18
F2,10.59.55.127,0,-0.0000
F2,10.59.55.127,1,4.5384e-19
F2,10.59.46.82,0,-0.0000
F2,10.59.46.82,1,5.2772e-19
F2,10.59.55.49,0,-0.0000
F2,10.59.55.49,1,6.4606e-19
F2,10.59.55.143,0,-0.0000
F2,10.59.55.143,1,6.9142e-19
F2,10.59.212.57,0,2.9042e-14
F2,10.59.212.57,1,2.7199e-10
F3,http,0,-0.2082
F3,http,1,8.8611
F3,http_proxy,0,-10.9362
F3,http_proxy,1,0.1125
F3,ftp_control,0,-0.0006
F3,ftp_control,1,0.0077
F3,unknown,0,-0.0284
F3,unknown,1,2.7565
F3,mysql,0,0.0034
F3,mysql,1,0.1933
F3,ssh,0,-0.4847
F3,ssh,1,0.1376
F3,ssl,0,0.0129
F3,ssl,1,0.4508
F3,whois-das,0,0.0033
F3,whois-das,1,0.0819
F3,dns,0,-0.0002
F3,dns,1,0.0104
F3,http_connect,0,-0.0000
F3,http_connect,1,0.0003
F3,smb,0,-0.0007
F3,smb,1,0.0172
F3,redis,0,0.0007
F3,redis,1,0.0270
F3,smtp,0,0.0006
F3,smtp,1,0.0200
F3,telnet,0,3.0738e-17
F3,telnet,1,1.3038e-15
F3,dce_rpc,0,0.0000
F3,dce_rpc,1,0.0009
F3,rdp,0,-0.0005
F3,rdp,1,0.0150
F3,edonkey,0,0.0006
F3,edonkey,1,0.0152
F3,ldap,0,0.0001
F3,ldap,1,0.0019
F3,rsync,0,0.0002
F3,rsync,1,0.0059
F3,irc,0,-0.0004
F3,irc,1,0.0091
F3,lotusnotes,0,0.0001
F3,lotusnotes,1,0.0014
F3,kerberos,0,0.0000
F3,kerberos,1,0.0007
F3,ftp_data,0,-0.0012
F3,ftp_data,1,0.0067
F3,ssl_no_cert,0,0.
F3,ssl_no_cert,1,0.
F3,tds,0,1.5821e-06
F3,tds,1,0.0000
F3,imesh,0,3.1723e-14
F3,imesh,1,1.3459e-12
F3,sip,0,0.0001
F3,sip,1,0.0013
F3,oracle,0,0.0000
F3,oracle,1,0.0011
F3,netbios,0,-0.0004
F3,netbios,1,0.0053
F3,pcanywhere,0,9.8303e-12
F3,pcanywhere,1,4.2060e-10
F3,h323,0,0.0001
F3,h323,1,0.0021
F4,21,0,0.6949
F4,21,1,0.4980
F4,38,0,0.6942
F4,38,1,0.5748
F4,89,0,0.6935
F4,89,1,0.7336
F4,106,0,0.6938
F4,106,1,0.7113
F4,95,0,0.6935
F4,95,1,0.6703
F4,97,0,0.6935
F4,97,1,0.8087
F4,22,0,0.6941
F4,22,1,0.7695
F4,94,0,0.6928
F4,94,1,0.7315
F4,23,0,0.6940
F4,23,1,0.7940
F4,24,0,0.6935
F4,24,1,0.6837
F4,37,0,0.6937
F4,37,1,0.5051
F4,25,0,0.6941
F4,25,1,0.7355
F4,26,0,0.6934
F4,26,1,0.7655
F4,27,0,0.6935
F4,27,1,0.8014
F4,28,0,0.6969
F4,28,1,0.6672
F4,36,0,0.6935
F4,36,1,0.6500
F4,29,0,0.6935
F4,29,1,0.7189
F4,30,0,0.6966
F4,30,1,0.7883
F4,31,0,0.6963
F4,31,1,0.7394
F4,35,0,0.6938
F4,35,1,0.8808
F4,107,0,0.6972
F4,107,1,0.9050
F4,32,0,0.6938
F4,32,1,0.5161
F4,33,0,0.6938
F4,33,1,0.4907
F4,34,0,0.6940
F4,34,1,0.7249
F4,88,0,0.6926
F4,88,1,0.6472
F4,96,0,0.6922
F4,96,1,0.6965
F4,108,0,0.6943
F4,108,1,0.6235
F4,87,0,0.6951
F4,87,1,0.6895
F4,93,0,0.6936
F4,93,1,0.4675
F4,109,0,0.6946
F4,109,1,0.7452
F4,98,0,0.6934
F4,98,1,0.7579
F4,86,0,0.6935
F4,86,1,0.7723
F4,110,0,0.6947
F4,110,1,0.5026
F4,111,0,0.6937
F4,111,1,0.6053
F4,85,0,0.6951
F4,85,1,0.5413
F4,99,0,0.6947
F4,99,1,0.8820
F4,112,0,0.6946
F4,112,1,0.5966
F4,84,0,0.6964
F4,84,1,0.5735
F4,113,0,0.6936
F4,113,1,0.7326
F4,83,0,0.6970
F4,83,1,0.6211
F4,92,0,0.6943
F4,92,1,0.7490
F4,114,0,0.6936
F4,114,1,0.5921
F4,115,0,0.6937
F4,115,1,0.5461
F4,82,0,0.6937
F4,82,1,0.5758
F4,100,0,0.6934
F4,100,1,0.7826
F4,116,0,0.6938
F4,116,1,0.5363
F4,117,0,0.6951
F4,117,1,0.4918
F4,118,0,0.6962
F4,118,1,0.7635
F4,81,0,0.6792
F4,81,1,0.5040
F4,119,0,0.6935
F4,119,1,0.7044
F4,120,0,0.6934
F4,120,1,0.8431
F4,121,0,0.6935
F4,121,1,0.8039
F4,80,0,0.6800
F4,80,1,0.5846
F4,122,0,0.6935
F4,122,1,0.8120
F4,79,0,0.6788
F4,79,1,0.7965
F4,123,0,0.6947
F4,123,1,0.8166
F4,124,0,0.6934
F4,124,1,0.7705
F4,78,0,0.6788
F4,78,1,0.7803
F4,125,0,0.6935
F4,125,1,0.7353
F4,126,0,0.6936
F4,126,1,0.7492
F4,77,0,0.6789
F4,77,1,0.8139
F4,127,0,0.6935
F4,127,1,0.7236
F4,76,0,0.6789
F4,76,1,0.7667
F4,75,0,0.6939
F4,75,1,0.8794
F4,128,0,0.6937
F4,128,1,0.5474
F4,91,0,0.6935
F4,91,1,0.7895
F4,101,0,0.6934
F4,101,1,0.7126
F4,129,0,0.6939
F4,129,1,0.5172
F4,74,0,0.6920
F4,74,1,0.7969
F4,130,0,0.6937
F4,130,1,0.5930
F4,73,0,0.6934
F4,73,1,0.7366
F4,131,0,0.6955
F4,131,1,0.5335
F4,72,0,0.6947
F4,72,1,0.7892
F4,132,0,0.6936
F4,132,1,0.5633
F4,71,0,0.6963
F4,71,1,0.6621
F4,133,0,0.6949
F4,133,1,0.4541
F4,70,0,0.6935
F4,70,1,0.7613
F4,134,0,0.6789
F4,134,1,0.7625
F4,69,0,0.6940
F4,69,1,0.6402
F4,135,0,0.6792
F4,135,1,0.5679
F4,68,0,0.6963
F4,68,1,0.7741
F4,136,0,0.6613
F4,136,1,0.5312
F4,102,0,0.6934
F4,102,1,0.7518
F4,137,0,0.6627
F4,137,1,0.4805
F4,67,0,0.6940
F4,67,1,0.6740
F4,138,0,0.6632
F4,138,1,0.5558
F4,139,0,0.6626
F4,139,1,0.5183
F4,66,0,0.6941
F4,66,1,0.6323
F4,140,0,0.6660
F4,140,1,0.4727
F4,141,0,0.6639
F4,141,1,0.5071
F4,142,0,0.6624
F4,142,1,0.7362
F4,143,0,0.6624
F4,143,1,0.7636
F4,144,0,0.6623
F4,144,1,0.7940
F4,103,0,0.6934
F4,103,1,0.7175
F4,65,0,0.6926
F4,65,1,0.7174
F4,145,0,0.6624
F4,145,1,0.7474
F4,146,0,0.6638
F4,146,1,0.6047
F4,147,0,0.6637
F4,147,1,0.7812
F4,148,0,0.6624
F4,148,1,0.7779
F4,149,0,0.6653
F4,149,1,0.7949
F4,64,0,0.6944
F4,64,1,0.8745
F4,150,0,0.6624
F4,150,1,0.7481
F4,151,0,0.6625
F4,151,1,0.6340
F4,152,0,0.6626
F4,152,1,0.5225
F4,153,0,0.6659
F4,153,1,0.5613
F4,154,0,0.6651
F4,154,1,0.8130
F4,63,0,0.6935
F4,63,1,0.7678
F4,155,0,0.6625
F4,155,1,0.5982
F4,104,0,0.6937
F4,104,1,0.5226
F4,156,0,0.6632
F4,156,1,0.5928
F4,90,0,0.6963
F4,90,1,0.7946
F4,157,0,0.6626
F4,157,1,0.5285
F4,158,0,0.6632
F4,158,1,0.5346
F4,159,0,0.6626
F4,159,1,0.4793
F4,62,0,0.6935
F4,62,1,0.8214
F4,160,0,0.6631
F4,160,1,0.5062
F4,161,0,0.6626
F4,161,1,0.5273
F4,162,0,0.6626
F4,162,1,0.5556
F4,61,0,0.6936
F4,61,1,0.7218
F4,163,0,0.6631
F4,163,1,0.5462
F4,164,0,0.6626
F4,164,1,0.5199
F4,165,0,0.6639
F4,165,1,0.5124
F4,166,0,0.6652
F4,166,1,0.7242
F4,105,0,0.6771
F4,105,1,0.5452
F4,60,0,0.6943
F4,60,1,0.5652
F4,167,0,0.6652
F4,167,1,0.7769
F4,0,0,0.6654
F4,0,1,0.6851
F4,1,0,0.6637
F4,1,1,0.7213
F4,2,0,0.6790
F4,2,1,0.5926
F4,59,0,0.6935
F4,59,1,0.6873
F4,3,0,0.6788
F4,3,1,0.8061
F4,4,0,0.6775
F4,4,1,0.7299
F4,5,0,0.6789
F4,5,1,0.7661
F4,6,0,0.6790
F4,6,1,0.7839
F4,7,0,0.6789
F4,7,1,0.7295
F4,58,0,0.6936
F4,58,1,0.6868
F4,8,0,0.6790
F4,8,1,0.8085
F4,9,0,0.6780
F4,9,1,0.4934
F4,57,0,0.6936
F4,57,1,0.5732
F4,10,0,0.6822
F4,10,1,0.6881
F4,56,0,0.6963
F4,56,1,0.7119
F4,11,0,0.6937
F4,11,1,0.6894
F4,55,0,0.6935
F4,55,1,0.7617
F4,54,0,0.6934
F4,54,1,0.7561
F4,53,0,0.6934
F4,53,1,0.7801
F4,12,0,0.6938
F4,12,1,0.5583
F4,52,0,0.6962
F4,52,1,0.7999
F4,51,0,0.6962
F4,51,1,0.8325
F4,13,0,0.6942
F4,13,1,0.5598
F4,50,0,0.6935
F4,50,1,0.7511
F4,49,0,0.6935
F4,49,1,0.7481
F4,48,0,0.6948
F4,48,1,0.7347
F4,14,0,0.6946
F4,14,1,0.7439
F4,47,0,0.6976
F4,47,1,0.7679
F4,46,0,0.6935
F4,46,1,0.7984
F4,45,0,0.6941
F4,45,1,0.6983
F4,44,0,0.6935
F4,44,1,0.7397
F4,15,0,0.6936
F4,15,1,0.6461
F4,43,0,0.6941
F4,43,1,0.7773
F4,42,0,0.6940
F4,42,1,0.6398
F4,16,0,0.6925
F4,16,1,0.7824
F4,41,0,0.6936
F4,41,1,0.7286
F4,17,0,0.6934
F4,17,1,0.8273
F4,18,0,0.6935
F4,18,1,0.7538
F4,40,0,0.6934
F4,40,1,0.8149
F4,19,0,0.6967
F4,19,1,0.7478
F4,39,0,0.6941
F4,39,1,0.7382
F4,20,0,0.6943
F4,20,1,0.5860